id,manufacturer,model,icao24,callsign,origin_country,altitude_m,velocity_ms,estimated_fuel_burn_kg_h,estimated_co2_kg_h,co2_per_km,seat_capacity,co2_per_seat_km,captured_at,loaded_at
1,Boeing,777-224,aa9321,UAL58,United States,11277.6,289.61,7500,23700,22.731719668980123,350,0.06494777048280036,2026-08-19 06:25:07,2026-08-19 06:25:16.76746
2,Boeing,777-222,aad012,UAL102,United States,11887.2,277.83,7500,23700,23.695545237495352,350,0.06770155782141529,2026-08-19 06:25:06,2026-08-19 06:25:16.76746
3,Boeing,737NG 84P/W,4acb02,NSZ2862,Sweden,11582.4,206.43,2400,7584,10.205235027208577,189,0.053995952524913106,2026-08-19 05:41:38,2026-08-19 06:25:16.76746
4,Boeing,787-8,ab034d,AAL740,United States,10363.2,259.99,5500,17380,18.56909026415546,290,0.0640313457384671,2026-08-19 06:25:06,2026-08-19 06:25:16.76746
5,Airbus,A319 132,3c5ee6,EWG6NX,Germany,441.96,70.17,2300,7268,28.77139644989153,140,0.20550997464208234,2026-08-19 06:25:06,2026-08-19 06:25:16.76746
6,Airbus,A319 132,3c5ee4,EWG37L,Germany,11292.84,217.46,2300,7268,9.283955159058626,140,0.06631396542184734,2026-08-19 06:25:06,2026-08-19 06:25:16.76746
7,Airbus,A319 132,3c5ee3,EWG851,Germany,11582.4,208,2300,7268,9.706196581196581,140,0.06932997557997558,2026-08-19 06:25:02,2026-08-19 06:25:16.76746
8,Airbus,A319 132,3c5ef8,EWG32G,Germany,11590.02,234.46,2300,7268,8.61080307467751,140,0.061505736247696494,2026-08-19 06:25:06,2026-08-19 06:25:16.76746
9,Airbus,A319 132,3c5ef6,EWG1GC,Germany,11887.2,205.11,2300,7268,9.842956895757832,140,0.07030683496969879,2026-08-19 06:25:06,2026-08-19 06:25:16.76746
10,Airbus,A321 271NXSL,46b82b,AEE283,Greece,,7.72,2700,8532,,220,,2026-08-19 06:25:06,2026-08-19 06:25:16.76746
11,Airbus,A319 132,3c5eec,EWG25A,Germany,11277.6,230.07,2300,7268,8.775107093010341,140,0.0626793363786453,2026-08-19 06:25:05,2026-08-19 06:25:16.76746
12,Airbus,A319 132,3c5eea,EWG6YE,Germany,7642.86,244.23,2300,7268,8.266342746136385,140,0.059045305329545605,2026-08-19 06:25:06,2026-08-19 06:25:16.76746
13,Airbus,Airbus A319 132,3c5ef5,EWG7534,Germany,11879.58,206.79,2300,7268,9.762990903278151,140,0.06973564930912965,2026-08-19 06:25:06,2026-08-19 06:25:16.76746
14,Airbus,A319 132,3c5ef2,EWG93FL,Germany,1988.82,142.88,2300,7268,14.129961428393678,140,0.10092829591709769,2026-08-19 06:25:06,2026-08-19 06:25:16.76746
15,Airbus,A320-214,440219,EJU97JM,Austria,10668,235.86,2500,7900,9.304012738253387,180,0.05168895965696326,2026-08-19 06:25:06,2026-08-19 06:25:16.76746
16,Airbus,A320-216,44020a,AUA96F,Austria,11277.6,209.08,2500,7900,10.49571668473524,180,0.058309537137418,2026-08-19 06:25:06,2026-08-19 06:25:16.76746
17,Airbus,A320-200,44022d,AUA16P,Austria,10629.9,195.71,2500,7900,11.212735396476646,180,0.06229297442487025,2026-08-19 06:25:06,2026-08-19 06:25:16.76746
18,Airbus,A320 214,343194,VLG6246,Spain,10363.2,231.67,2500,7900,9.472285770468531,180,0.052623809835936286,2026-08-19 06:25:06,2026-08-19 06:25:16.76746
19,Airbus,A320 216SL,34448d,IBS16VT,Spain,,46.3,2500,7900,,180,,2026-08-19 06:22:56,2026-08-19 06:25:16.76746
20,Airbus,A319 132,3c5eee,EWG55UW,Germany,11277.6,251.22,2300,7268,8.03633822501747,140,0.05740241589298193,2026-08-19 06:25:06,2026-08-19 06:25:16.76746
21,Airbus,A320 232SL,471f86,WMT6KX,Hungary,,7.2,2500,7900,,180,,2026-08-19 06:25:04,2026-08-19 06:25:16.76746
22,Airbus,Airbus A321 231SL,471f6a,WZZ7HL,Hungary,9075.42,235.11,2700,8532,10.080387903534515,220,0.045819945016065976,2026-08-19 06:25:06,2026-08-19 06:25:16.76746
23,Airbus,A320 214,34444b,IBE0671,Spain,11582.4,252.19,2500,7900,8.701552180675064,180,0.04834195655930591,2026-08-19 06:25:06,2026-08-19 06:25:16.76746
24,Airbus,A321 231SL,471f68,WMT727,Hungary,8450.58,195.89,2700,8532,12.098626780335904,220,0.054993758092435924,2026-08-19 06:25:06,2026-08-19 06:25:16.76746
25,Airbus,A321 231SL,471f69,WMT7216,Hungary,10378.44,229.61,2700,8532,10.321850093637035,220,0.046917500425622885,2026-08-19 06:25:06,2026-08-19 06:25:16.76746
26,Airbus,A321 231SL,471f66,,Hungary,8191.5,204.71,2700,8532,11.577353329099703,220,0.052624333314089555,2026-08-19 06:25:04,2026-08-19 06:25:16.76746
27,Airbus,A321 231SL,471f67,WMT638,Hungary,8176.26,206.46,2700,8532,11.47922115664051,220,0.052178277984729585,2026-08-19 06:25:06,2026-08-19 06:25:16.76746
28,Airbus,A321 231SL,471f64,WMT5TW,Hungary,,0.9,2700,8532,,220,,2026-08-19 06:25:06,2026-08-19 06:25:16.76746
29,Airbus,A321 231SL,471f65,WMT1RN,Hungary,10972.8,212.87,2700,8532,11.13355569126697,220,0.050607071323940774,2026-08-19 06:25:06,2026-08-19 06:25:16.76746
30,Airbus,A320-216,344449,IBE07BZ,Spain,10660.38,214.8,2500,7900,10.216221808400578,180,0.05675678782444765,2026-08-19 06:25:06,2026-08-19 06:25:16.76746
31,Airbus,Airbus A321 231SL,471f77,WMT1395,Hungary,10668,246.39,2700,8532,9.618896870814561,220,0.04372225850370255,2026-08-19 06:22:28,2026-08-19 06:25:16.76746
32,Airbus,A321 231SL,471f71,WMT7UV,Hungary,7330.44,173.76,2700,8532,13.63950276243094,220,0.06199773982923155,2026-08-19 06:25:06,2026-08-19 06:25:16.76746
33,Airbus,Airbus A320-232 Sl,471f5c,WZZ57X,Hungary,2072.64,121.33,2500,7900,18.086577470077017,180,0.10048098594487231,2026-08-19 06:25:06,2026-08-19 06:25:16.76746
34,Airbus,A320 232SL,471f5d,WZZ6071,Hungary,5715,176.97,2500,7900,12.400092922215316,180,0.06888940512341843,2026-08-19 06:25:06,2026-08-19 06:25:16.76746
35,Airbus,A319 111,4400b3,EJU78QD,Austria,,7.72,2300,7268,,140,,2026-08-19 06:25:06,2026-08-19 06:25:16.76746
36,Airbus,Airbus A319 111,4400b2,EJU18NR,Austria,11879.58,242.01,2300,7268,8.342171351964335,140,0.059586938228316684,2026-08-19 06:25:06,2026-08-19 06:25:16.76746
37,Boeing,787-8,a59601,UAL953,United States,11384.28,276.93,5500,17380,17.43320614515501,290,0.060114503948810384,2026-08-19 06:25:06,2026-08-19 06:25:16.76746
38,Airbus,A320 232,471f55,WMT718,Hungary,1584.96,110.57,2500,7900,19.846653201089307,180,0.11025918445049615,2026-08-19 06:25:06,2026-08-19 06:25:16.76746
39,Airbus,A320 232SL,34440a,VLG58QL,Spain,11277.6,209.47,2500,7900,10.47617532078314,180,0.05820097400435078,2026-08-19 06:25:06,2026-08-19 06:25:16.76746
40,Airbus,A320 232SL,34440b,VLG59SX,Spain,10568.94,221.57,2500,7900,9.904068440873965,180,0.05502260244929981,2026-08-19 06:25:06,2026-08-19 06:25:16.76746
41,Airbus,A320 232SL,344409,VLG1812,Spain,11582.4,245.61,2500,7900,8.934670593397843,180,0.049637058852210245,2026-08-19 06:25:06,2026-08-19 06:25:16.76746
42,Boeing,747 830,3c4b26,DLH755,Germany,10972.8,224.21,10000,31600,39.149804994325756,410,0.09548732925445307,2026-08-19 06:25:06,2026-08-19 06:25:16.76746
43,Boeing,B747-830,3c4b28,DLH507,Germany,11582.4,264.83,10000,31600,33.144952527197745,410,0.08084134762731157,2026-08-19 06:25:07,2026-08-19 06:25:16.76746
44,Boeing,747 830,3c4b2e,DLH511,Germany,11582.4,268.48,10000,31600,32.69434511985167,410,0.07974230517036993,2026-08-19 06:25:06,2026-08-19 06:25:16.76746
45,Airbus,A320 216,3430cd,VOE75XF,Spain,,5.92,2500,7900,,180,,2026-08-19 06:25:06,2026-08-19 06:25:16.76746
46,Airbus,A320 216,3c4b4c,EWG28J,Germany,11277.6,261.83,2500,7900,8.38118032480787,180,0.04656211291559928,2026-08-19 06:25:06,2026-08-19 06:25:16.76746
47,Airbus,A320 214SL,3443d4,VLG6YG,Spain,10843.26,251.24,2500,7900,8.734454881565213,180,0.04852474934202896,2026-08-19 06:25:06,2026-08-19 06:25:16.76746
48,Airbus,A320 214SL,3443d5,VLG16UA,Spain,10363.2,233.51,2500,7900,9.397646543807308,180,0.052209147465596156,2026-08-19 06:25:06,2026-08-19 06:25:16.76746
49,Airbus,A320 214SL,3443d3,VLG1377,Spain,11574.78,247.67,2500,7900,8.860356298479608,180,0.04922420165822005,2026-08-19 06:25:06,2026-08-19 06:25:16.76746
50,Boeing,787-9 (Boeing),c0103a,ACA806,Canada,,11.83,5500,17380,,290,,2026-08-19 06:24:48,2026-08-19 06:25:16.76746
51,Boeing,Boeing 737-8JP,4aca08,NSZ3LZ,Sweden,10972.8,247.94,2400,7584,8.49667930413272,189,0.044955975154141375,2026-08-19 06:25:06,2026-08-19 06:25:16.76746
52,Boeing,737-8JP (W),4aca13,NSZ3374,Sweden,10668,257.27,2400,7584,8.188543812596365,189,0.043325628638076,2026-08-19 06:25:06,2026-08-19 06:25:16.76746
53,Boeing,Boeing 737-8JP (W),4aca12,NSZ2TC,Sweden,11887.2,219.46,2400,7584,9.59931954190589,189,0.05079005048627455,2026-08-19 06:25:06,2026-08-19 06:25:16.76746
54,Boeing,Boeing 737-8JP (W),4aca0b,NSZ56KH,Sweden,11582.4,235.1,2400,7584,8.96072593222742,189,0.0474112483186636,2026-08-19 06:25:06,2026-08-19 06:25:16.76746
55,Boeing,Boeing 737-8JP (W),4aca0a,NSZ5362,Sweden,10972.8,245.51,2400,7584,8.580777429296838,189,0.045400938779348345,2026-08-19 06:25:07,2026-08-19 06:25:16.76746
56,Airbus,A319-111,44034b,EJU62ZB,Austria,,5.4,2300,7268,,140,,2026-08-19 06:25:06,2026-08-19 06:25:16.76746
57,Boeing,787-8,aa9451,AVA027,United States,4069.08,182.33,5500,17380,26.478241527876804,290,0.09130428113060966,2026-08-19 06:25:06,2026-08-19 06:25:16.76746
58,Boeing,B777W,8015a6,AIC2025,India,11582.4,215.47,7500,23700,30.553363964047584,350,0.08729532561156453,2026-08-19 06:25:07,2026-08-19 06:25:16.76746
59,Airbus,A319 111,34324f,IBE07HF,Spain,11582.4,218.46,2300,7268,9.241457881941265,140,0.0660104134424376,2026-08-19 06:25:06,2026-08-19 06:25:16.76746
60,Boeing,747 430,3c4acd,DLH441,Germany,1013.46,82.37,10000,31600,106.5652273616338,410,0.2599151886869117,2026-08-19 06:25:06,2026-08-19 06:25:16.76746
61,Boeing,737NG 800/W,728676,IAW215,Iraq,914.4,92.62,2400,7584,22.745267400849347,189,0.12034533016322406,2026-08-19 06:22:55,2026-08-19 06:25:16.76746
62,Airbus,A320 214,34454b,VLG6650,Spain,10972.8,240.08,2500,7900,9.140471694620311,180,0.050780398303446175,2026-08-19 06:25:06,2026-08-19 06:25:16.76746
63,Airbus,A320 214,34454a,VLG136B,Spain,,15.43,2500,7900,,180,,2026-08-19 06:25:05,2026-08-19 06:25:16.76746
64,Airbus,A320 214,344557,VLG9YY,Spain,10972.8,235.22,2500,7900,9.329327627091422,180,0.051829597928285676,2026-08-19 06:25:07,2026-08-19 06:25:16.76746
65,Boeing,737NG 8JP/W,4787b3,NOZ44J,Norway,11582.4,197.67,2400,7584,10.65749312827777,189,0.05638885253057021,2026-08-19 06:25:06,2026-08-19 06:25:16.76746
66,Airbus,A321-251NX,4bc883,PGT1459,Turkey,10972.8,284.04,2700,8532,8.343895226024502,220,0.03792679648192956,2026-08-19 06:25:06,2026-08-19 06:25:16.76746
67,Airbus,A330 302,344503,IBE03CY,Spain,,2.06,5000,15800,,280,,2026-08-19 06:24:22,2026-08-19 06:25:16.76746
68,Airbus,A320 232SL,344501,VLG1ZJ,Spain,10972.8,237.31,2500,7900,9.247163812921682,180,0.05137313229400935,2026-08-19 06:25:06,2026-08-19 06:25:16.76746
69,Boeing,737NG 8HX/W,73806c,ELY221,Israel,10972.8,226.73,2400,7584,9.291521486643438,189,0.04916148934731978,2026-08-19 06:25:06,2026-08-19 06:25:16.76746
70,Boeing,737NG 8HX/W,73806b,ELY353,Israel,10972.8,201.67,2400,7584,10.446108328787954,189,0.055270414438031504,2026-08-19 06:25:06,2026-08-19 06:25:16.76746
71,Boeing,737-46JSF,452084,BCS942,Bulgaria,9875.52,240.16,2400,7584,8.771929824561404,189,0.046412327114081504,2026-08-19 06:25:06,2026-08-19 06:25:16.76746
72,Boeing,BOEING 737-8Z9,4068f5,EXS3651,United Kingdom,9989.82,221.27,2400,7584,9.5207966134888,189,0.0503745852565545,2026-08-19 06:25:07,2026-08-19 06:25:16.76746
73,Boeing,737NG 858/W,738063,ELY345,Israel,10972.8,226.33,2400,7584,9.307942679568182,189,0.04924837396596922,2026-08-19 06:25:07,2026-08-19 06:25:16.76746
74,Boeing,737NG 86Q/W,738069,ELY385,Israel,3703.32,153.2,2400,7584,13.751087902523935,189,0.07275707884933298,2026-08-19 06:25:06,2026-08-19 06:25:16.76746
75,Boeing,737NG 86N/W,738068,ELY551,Israel,11094.72,195.09,2400,7584,10.798434910383241,189,0.05713457624541397,2026-08-19 06:25:06,2026-08-19 06:25:16.76746
76,Boeing,737NG 8Q8/W,73806a,ELY395,Israel,7376.16,204.02,2400,7584,10.325785053752899,189,0.05463378335318994,2026-08-19 06:25:06,2026-08-19 06:25:16.76746
77,Airbus,Airbus A320-214,440062,EJU12LE,Austria,11407.14,226.85,2500,7900,9.67354835549678,180,0.05374193530831545,2026-08-19 06:25:07,2026-08-19 06:25:16.76746
78,Airbus,A320 214,44004f,AUA133N,Austria,,4.63,2500,7900,,180,,2026-08-19 06:25:06,2026-08-19 06:25:16.76746
79,Airbus,A321-211,44003a,AUA203,Austria,,9.26,2700,8532,,220,,2026-08-19 06:25:03,2026-08-19 06:25:16.76746
80,Boeing,737NG 800/W,3453cc,AEA73TR,Spain,10652.76,246.66,2400,7584,8.540771372199249,189,0.045189266519572745,2026-08-19 06:25:06,2026-08-19 06:25:16.76746
81,Boeing,737NG 958ER/W,738050,ELY2521,Israel,10972.8,186.56,2400,7584,11.292166952544312,189,0.05974691509282705,2026-08-19 06:25:05,2026-08-19 06:25:16.76746
82,Boeing,737NG 958ER/W,738053,ELY393,Israel,10972.8,234.85,2400,7584,8.970264707969626,189,0.047461718031585325,2026-08-19 06:25:05,2026-08-19 06:25:16.76746
83,Boeing,737NG 958ER/W,738052,ELY337,Israel,10363.2,233.35,2400,7584,9.027926576673096,189,0.047766807283984636,2026-08-19 06:25:06,2026-08-19 06:25:16.76746
84,Airbus,A320 214,440052,AUA447,Austria,,0,2500,7900,,180,,2026-08-19 06:20:52,2026-08-19 06:25:16.76746
85,Boeing,737NG 958ER/W,738051,ELY361,Israel,10363.2,195.98,2400,7584,10.749396196890839,189,0.05687511215286158,2026-08-19 06:25:06,2026-08-19 06:25:16.76746
86,Boeing,737NG 8Z9/W,738058,ELY223,Israel,11582.4,224.09,2400,7584,9.400984723399825,189,0.04974065991216838,2026-08-19 06:25:06,2026-08-19 06:25:16.76746
87,Airbus,A320 214,440050,AUA431,Austria,8153.4,240.63,2500,7900,9.11957962201074,180,0.050664331233393,2026-08-19 06:25:06,2026-08-19 06:25:16.76746
88,Boeing,737NG 958ER/W,738057,ELY2371,Israel,10972.8,171.7,2400,7584,12.269462240341682,189,0.06491778963143748,2026-08-19 06:25:05,2026-08-19 06:25:16.76746
89,Boeing,737NG 958ER/W,738056,ELY541,Israel,6103.62,181.67,2400,7584,11.596117502431149,189,0.06135511906048227,2026-08-19 06:25:06,2026-08-19 06:25:16.76746
90,Boeing,737NG 958ER/W,738055,ELY319,Israel,10972.8,222.15,2400,7584,9.483082001650537,189,0.05017503704577004,2026-08-19 06:25:06,2026-08-19 06:25:16.76746
91,Airbus,A321 211,44006d,AUA84,Austria,9144,215.44,2700,8532,11.000742666171554,220,0.05000337575532525,2026-08-19 06:25:05,2026-08-19 06:25:16.76746
92,Airbus,A321 231SL,3453c3,VLG9UZ,Spain,3970.02,177.45,2700,8532,13.355874894336434,220,0.060708522246983795,2026-08-19 06:25:06,2026-08-19 06:25:16.76746
93,Airbus,A320 214,44001c,AUA585M,Austria,11887.2,241.1,2500,7900,9.101801926356053,180,0.050565566257533626,2026-08-19 06:25:03,2026-08-19 06:25:16.76746
94,Airbus,A320 214,44001b,AUA21V,Austria,563.88,72.38,2500,7900,30.31838138221117,180,0.1684354521233954,2026-08-19 06:25:07,2026-08-19 06:25:16.76746
95,Airbus,A320 214,44001a,AUA571K,Austria,8923.02,240.3,2500,7900,9.132103389281916,180,0.050733907718232864,2026-08-19 06:25:06,2026-08-19 06:25:16.76746
96,Airbus,Airbus A380 861,8960f7,UAE3Q,United Arab Emirates,12192,229.86,11500,36340,43.915620135928144,525,0.08364880025891075,2026-08-19 06:25:06,2026-08-19 06:25:16.76746
97,Boeing,747 430,3c4a8b,DLH471,Germany,7284.72,255.95,10000,31600,34.29489266566821,410,0.08364607967236148,2026-08-19 06:25:06,2026-08-19 06:25:16.76746
98,Boeing,787-8,ab271f,AAL714,United States,12496.8,267.21,5500,17380,18.067354432011445,290,0.06230122217934981,2026-08-19 06:25:06,2026-08-19 06:25:16.76746
99,Airbus,A330 343E,47c1c2,SAS916,Norway,,4.63,5000,15800,,280,,2026-08-19 06:25:06,2026-08-19 06:25:16.76746
100,Airbus,AIRBUS A319-111,405636,EZY36VC,United Kingdom,10073.64,211.36,2300,7268,9.55189671124569,140,0.06822783365175493,2026-08-19 06:25:06,2026-08-19 06:25:16.76746
101,Airbus,AIRBUS A319-111,405638,EZY36PZ,United Kingdom,11894.82,220.92,2300,7268,9.138551914217313,140,0.06527537081583795,2026-08-19 06:25:06,2026-08-19 06:25:16.76746
102,Airbus,AIRBUS A319-111,405631,EZY37FX,United Kingdom,11894.82,219.35,2300,7268,9.20396119849049,140,0.06574257998921779,2026-08-19 06:25:06,2026-08-19 06:25:16.76746
103,Boeing,Boeing 737NG 86J/W,4891b4,ENT231,Poland,4480.56,186.78,2400,7584,11.278866402541315,189,0.05967654181238791,2026-08-19 06:25:05,2026-08-19 06:25:16.76746
104,Boeing,737NG 8AS/W,4891b2,ENT7496,Poland,2606.04,119.89,2400,7584,17.571662913226014,189,0.09297176144564029,2026-08-19 06:25:06,2026-08-19 06:25:16.76746
105,Boeing,737NG 85R/W,4891b9,ENT1FM,Poland,11582.4,191.29,2400,7584,11.01294718315995,189,0.05826956181566111,2026-08-19 06:25:05,2026-08-19 06:25:16.76746
106,Boeing,737NG 8Q8/W,4891b6,ENT4JE,Poland,11582.4,179.49,2400,7584,11.73695841922484,189,0.06210030909642772,2026-08-19 06:25:06,2026-08-19 06:25:16.76746
107,Boeing,777-223,aa9093,AAL36,United States,678.18,77.38,7500,23700,85.07797019040235,350,0.24307991482972102,2026-08-19 06:25:06,2026-08-19 06:25:16.76746
108,Boeing,737NG 8CX/W,4891a6,ENT7044,Poland,11582.4,218.99,2400,7584,9.619921762028707,189,0.05089905694195083,2026-08-19 06:25:06,2026-08-19 06:25:16.76746
109,Boeing,777-FS2,ac45d5,FDX6041,United States,10058.4,289.07,7500,23700,22.774183877030936,350,0.06506909679151696,2026-08-19 06:25:06,2026-08-19 06:25:16.76746
110,Boeing,737NG 8AJ BBJ2,896103,DUB12,United Arab Emirates,7924.8,216.82,2400,7584,9.716200842480706,189,0.05140847006603548,2026-08-19 06:25:05,2026-08-19 06:25:16.76746
111,Boeing,737NG 85P/W,344216,AEA93JW,Spain,5143.5,185.98,2400,7584,11.327382872710327,189,0.059933242712753056,2026-08-19 06:25:06,2026-08-19 06:25:16.76746
112,Airbus,A380 861,896199,UAE1KM,United Arab Emirates,5044.44,165.02,11500,36340,61.171036507359375,525,0.11651626001401785,2026-08-19 06:25:06,2026-08-19 06:25:16.76746
113,Airbus,A380 861,896193,UAE3MX,United Arab Emirates,11277.6,250.17,11500,36340,40.3503395468859,525,0.076857789613116,2026-08-19 06:25:06,2026-08-19 06:25:16.76746
114,Airbus,A380 861,89618a,UAE30Y,United Arab Emirates,11582.4,239.86,11500,36340,42.08473461370984,525,0.08016139926420922,2026-08-19 06:25:06,2026-08-19 06:25:16.76746
115,Airbus,A321-271NX,a4c2ad,JBU31,United States,10668,288.18,2700,8532,8.22402665001041,220,0.03738193931822914,2026-08-19 06:25:06,2026-08-19 06:25:16.76746
116,Airbus,AIRBUS A320-214,40690a,EZY37YP,United Kingdom,7307.58,199.93,2500,7900,10.97606384456782,180,0.06097813246982122,2026-08-19 06:25:06,2026-08-19 06:25:16.76746
117,Airbus,A320-252N,39dd49,CCM35BM,France,,9.77,2500,7900,,180,,2026-08-19 06:25:06,2026-08-19 06:25:16.76746
118,Airbus,A330-223,abbee3,DAL1,United States,11887.2,279.62,5000,15800,15.695904759634105,280,0.05605680271297895,2026-08-19 06:25:06,2026-08-19 06:25:16.76746
119,Airbus,A319-111,440181,EJU64AM,Austria,2423.16,141.56,2300,7268,14.261718627358638,140,0.10186941876684741,2026-08-19 06:25:06,2026-08-19 06:25:16.76746
120,Airbus,A320,44015a,EJU32KB,Austria,10972.8,224.51,2500,7900,9.774372831697672,180,0.05430207128720929,2026-08-19 06:25:07,2026-08-19 06:25:16.76746
121,Boeing,737-8JP,47878c,NOZ28V,Norway,11277.6,280.34,2400,7584,7.514684549713444,189,0.03976023571276954,2026-08-19 06:25:07,2026-08-19 06:25:16.76746
122,Airbus,A319-111,440172,EJU71EN,Austria,3086.1,166.38,2300,7268,12.134204164496268,140,0.08667288688925906,2026-08-19 06:25:07,2026-08-19 06:25:16.76746
123,Airbus,A319-111,440170,EJU42KC,Austria,11582.4,235.31,2300,7268,8.57969864811903,140,0.06128356177227878,2026-08-19 06:25:06,2026-08-19 06:25:16.76746
124,Airbus,A320-214,440198,EJU56NB,Austria,10668,214.91,2500,7900,10.210992715296841,180,0.05672773730720467,2026-08-19 06:25:06,2026-08-19 06:25:16.76746
125,Airbus,A320-214,440128,EJU7307,Austria,3139.44,149.75,2500,7900,14.654053051381933,180,0.08141140584101074,2026-08-19 06:25:06,2026-08-19 06:25:16.76746
126,Boeing,777 3U3ER,8a0536,GIA088,Indonesia,10972.8,195.83,7500,23700,33.617593490953034,350,0.09605026711700868,2026-08-19 06:25:07,2026-08-19 06:25:16.76746
127,Boeing,Boeing 737-490F,440118,TAY1476,Austria,7627.62,228.25,2400,7584,9.22964585615188,189,0.04883410505900466,2026-08-19 06:25:06,2026-08-19 06:25:16.76746
128,Airbus,Airbus A330-343E,4bb1e5,THY7WT,Turkey,12192,214.99,5000,15800,20.41438619884129,280,0.07290852213871889,2026-08-19 06:25:06,2026-08-19 06:25:16.76746
129,Airbus,A330-343X,4bb1e2,THY7RS,Turkey,11833.86,207.88,5000,15800,21.112607701024093,280,0.07540217036080032,2026-08-19 06:25:06,2026-08-19 06:25:16.76746
130,Boeing,787-9,a27c78,UAL82,United States,11269.98,288.83,5500,17380,16.71494573893909,290,0.057637743927376174,2026-08-19 06:25:06,2026-08-19 06:25:16.76746
131,Airbus,A320 214,343046,VLG9FT,Spain,10660.38,215.45,2500,7900,10.18540006704314,180,0.05658555592801744,2026-08-19 06:25:06,2026-08-19 06:25:16.76746
132,Airbus,A330 303,4bb1c7,THY8CX,Turkey,11277.6,236.05,5000,15800,18.593047612323186,280,0.06640374147258281,2026-08-19 06:25:06,2026-08-19 06:25:16.76746
133,Boeing,777-31HER,89620d,UAE145,United Arab Emirates,10363.2,216.47,7500,23700,30.41222032306247,350,0.08689205806589277,2026-08-19 06:25:06,2026-08-19 06:25:16.76746
134,Boeing,737NG 85P/W,344341,AEA68TZ,Spain,6903.72,189.46,2400,7584,11.119321580632676,189,0.0588323893155168,2026-08-19 06:25:06,2026-08-19 06:25:16.76746
135,Airbus,A319-111,345612,VOE2UR,Spain,6614.16,191.23,2300,7268,10.557385812314433,140,0.07540989865938881,2026-08-19 06:25:06,2026-08-19 06:25:16.76746
136,Boeing,737NG 8CX/W,471e16,ISR763,Hungary,10972.8,228.33,2400,7584,9.226412064409699,189,0.04881699504978677,2026-08-19 06:25:06,2026-08-19 06:25:16.76746
137,Boeing,787-8 (Boeing),c058dd,ACA804,Canada,10203.18,320.42,5500,17380,15.067030078577421,290,0.05195527613302559,2026-08-19 06:25:06,2026-08-19 06:25:16.76746
138,Airbus,A320-251N,4079f7,BAW456,United Kingdom,10668,225.59,2500,7900,9.72757854711842,180,0.05404210303954678,2026-08-19 06:25:06,2026-08-19 06:25:16.76746
139,Airbus,A320 232SL,3451d3,VLG41HG,Spain,2819.4,151.02,2500,7900,14.53082005326741,180,0.08072677807370783,2026-08-19 06:25:07,2026-08-19 06:25:16.76746
140,Airbus,Airbus A321-271NX,4bb267,THY4AX,Turkey,10675.62,253.53,2700,8532,9.348006153117975,220,0.04249093705962716,2026-08-19 06:25:06,2026-08-19 06:25:16.76746
141,Airbus,A320 232SL,3451d5,VLG6CR,Spain,5486.4,186.13,2500,7900,11.789848194511602,180,0.06549915663617557,2026-08-19 06:25:06,2026-08-19 06:25:16.76746
142,Airbus,A320 214,02010d,MAC131A,Morocco,10988.04,238.91,2500,7900,9.185234793204321,180,0.05102908218446845,2026-08-19 06:25:06,2026-08-19 06:25:16.76746
143,Airbus,A320-214,020118,MAC113R,Morocco,10988.04,242.78,2500,7900,9.03881886664653,180,0.0502156603702585,2026-08-19 06:25:06,2026-08-19 06:25:16.76746
144,Airbus,A320 232,738285,ISR517,Israel,7620,206,2500,7900,10.652642934196331,180,0.05918134963442406,2026-08-19 06:25:06,2026-08-19 06:25:16.76746
145,Airbus,A320 232,738284,ISR703,Israel,152.4,69.31,2500,7900,31.6612962695779,180,0.17589609038654389,2026-08-19 06:24:56,2026-08-19 06:25:16.76746
146,Airbus,A321-271NX,4bb296,TKJ9XD,Turkey,9768.84,208.35,2700,8532,11.375089992800577,220,0.0517049545127299,2026-08-19 06:25:06,2026-08-19 06:25:16.76746
147,Boeing,787-9 (Boeing),c038c8,ACA942,Canada,7734.3,257.07,5500,17380,18.780012361527124,290,0.06475866331561077,2026-08-19 06:25:05,2026-08-19 06:25:16.76746
148,Airbus,A320-214,44cdcd,BEL8NV,Belgium,2133.6,120.25,2500,7900,18.24901824901825,180,0.10138343471676806,2026-08-19 06:24:48,2026-08-19 06:25:16.76746
149,Airbus,A321-271NX,4bb26e,THY74M,Turkey,10972.8,224.82,2700,8532,10.541766746730719,220,0.04791712157604872,2026-08-19 06:25:06,2026-08-19 06:25:16.76746
150,Boeing,BOEING 737-8K5,4066ce,TOM8HX,United Kingdom,640.08,76.28,2400,7584,27.61754937947911,189,0.14612459989142387,2026-08-19 06:25:06,2026-08-19 06:25:16.76746
151,Airbus,A321-271NX,4bb279,THY8VN,Turkey,10347.96,193.49,2700,8532,12.248695022998604,220,0.05567588646817547,2026-08-19 06:25:06,2026-08-19 06:25:16.76746
152,Boeing,BOEING 737-8K5,4066d0,TOM1JX,United Kingdom,11887.2,225.8,2400,7584,9.329790374963093,189,0.049363970237899964,2026-08-19 06:25:06,2026-08-19 06:25:16.76746
153,Boeing,787 9,896408,ETD99E,United Arab Emirates,6126.48,188.41,5500,17380,25.62378736679464,290,0.08835788747170566,2026-08-19 06:25:06,2026-08-19 06:25:16.76746
154,Airbus,A320 214,44cdc9,BEL2FR,Belgium,228.6,66.06,2500,7900,33.2189591953443,180,0.18454977330746833,2026-08-19 06:25:05,2026-08-19 06:25:16.76746
155,Airbus,A320 214,44cdc8,BEL1WH,Belgium,11887.2,239,2500,7900,9.181775918177593,180,0.051009866212097736,2026-08-19 06:25:06,2026-08-19 06:25:16.76746
156,Boeing,787-9 (Boeing),c038ac,ACA918,Canada,3307.08,182.21,5500,17380,26.495679588265066,290,0.09136441237332782,2026-08-19 06:25:06,2026-08-19 06:25:16.76746
157,Airbus,A320 214,02012b,MAC135,Morocco,10972.8,243.95,2500,7900,8.995468105941564,180,0.04997482281078647,2026-08-19 06:25:06,2026-08-19 06:25:16.76746
158,Airbus,A320 214SL,020124,MAC345X,Morocco,5775.96,214.99,2500,7900,10.207193099420644,180,0.05670662833011469,2026-08-19 06:25:07,2026-08-19 06:25:16.76746
159,Airbus,A321 231SL,345359,VLG78AY,Spain,3337.56,156.72,2700,8532,15.122511485451762,220,0.06873868857023528,2026-08-19 06:25:06,2026-08-19 06:25:16.76746
160,Boeing,787 8,345353,AEA44EP,Spain,2567.94,161.16,5500,17380,29.956427015250544,290,0.10329802419051912,2026-08-19 06:25:07,2026-08-19 06:25:16.76746
161,Airbus,AIRBUS A320-232,405455,BAW339,United Kingdom,10980.42,230,2500,7900,9.541062801932368,180,0.053005904455179824,2026-08-19 06:25:06,2026-08-19 06:25:16.76746
162,Airbus,A319 111,44ce78,BEL19V,Belgium,,0,2300,7268,,140,,2026-08-19 06:23:59,2026-08-19 06:25:16.76746
163,Airbus,AIRBUS A320-232,405456,EFW9RZ,United Kingdom,6446.52,219.21,2500,7900,10.010694970322724,180,0.05561497205734847,2026-08-19 06:25:06,2026-08-19 06:25:16.76746
164,Boeing,787 8,34530c,AEA92LU,Spain,12192,268.26,5500,17380,17.996636762013637,290,0.06205736814487461,2026-08-19 06:25:06,2026-08-19 06:25:16.76746
165,Airbus,A319 111,44ce62,BEL5PQ,Belgium,7010.4,209.54,2300,7268,9.634861548577307,140,0.06882043963269505,2026-08-19 06:25:06,2026-08-19 06:25:16.76746
166,Airbus,A319 111,44ce61,BEL7NL,Belgium,2849.88,117.33,2300,7268,17.206928227127666,140,0.12290663019376905,2026-08-19 06:25:06,2026-08-19 06:25:16.76746
167,Airbus,A320 232SL,345313,VLG8LH,Spain,10980.42,244.8,2500,7900,8.964233841684822,180,0.04980129912047123,2026-08-19 06:25:07,2026-08-19 06:25:16.76746
168,Airbus,AIRBUS A320-214,406752,EZY53NP,United Kingdom,,1.29,2500,7900,,180,,2026-08-19 06:25:06,2026-08-19 06:25:16.76746
169,Airbus,A319 112,44ce66,BEL9HZ,Belgium,,6.43,2300,7268,,140,,2026-08-19 06:25:05,2026-08-19 06:25:16.76746
170,Boeing,737NG 86N/W,0200ec,RAM959S,Morocco,4678.68,195.33,2400,7584,10.785166982371711,189,0.05706437556810429,2026-08-19 06:25:06,2026-08-19 06:25:16.76746
171,Boeing,737NG 8B6/W,0200af,RAM696L,Morocco,6377.94,211.66,2400,7584,9.95306938801222,189,0.05266174279371545,2026-08-19 06:25:03,2026-08-19 06:25:16.76746
172,Boeing,737NG 8KB/W BBJ,0200cc,MRS0503,Morocco,11285.22,238.51,2400,7584,8.832613587131219,189,0.0467334052229165,2026-08-19 06:25:06,2026-08-19 06:25:16.76746
173,Boeing,BOEING 737-36N,4067c4,EXS411,United Kingdom,,5.4,2400,7584,,189,,2026-08-19 06:25:05,2026-08-19 06:25:16.76746
174,Boeing,737NG 8K2/W,484ee4,KLM56W,Kingdom of the Netherlands,,1.8,2400,7584,,189,,2026-08-19 06:22:52,2026-08-19 06:25:16.76746
175,Boeing,BOEING 737-8K5,4067ee,TOM39D,United Kingdom,11102.34,219.54,2400,7584,9.595821566305306,189,0.05077154267886405,2026-08-19 06:25:07,2026-08-19 06:25:16.76746
176,Boeing,BOEING 737-8K5,4067f2,TOM12T,United Kingdom,10668,217.51,2400,7584,9.68537845003295,189,0.05124538862451296,2026-08-19 06:25:06,2026-08-19 06:25:16.76746
177,Boeing,Boeing 737NG 8K5/W,4067f3,TOM8XL,United Kingdom,11277.6,231.05,2400,7584,9.117795570944239,189,0.048242304608170576,2026-08-19 06:25:06,2026-08-19 06:25:16.76746
178,Boeing,BOEING 787-8 Dreamliner,4067f6,TOM57H,United Kingdom,9265.92,284.78,5500,17380,16.952657411959333,290,0.05845743935158391,2026-08-19 06:25:07,2026-08-19 06:25:16.76746
179,Boeing,BOEING 787-8 Dreamliner,4067f7,TOM19K,United Kingdom,11269.98,284.37,5500,17380,16.977099475253286,290,0.05854172232845961,2026-08-19 06:25:05,2026-08-19 06:25:16.76746
180,Airbus,A321-271NX,a4b6b6,JBU1407,United States,3474.72,177,2700,8532,13.389830508474576,220,0.060862865947611706,2026-08-19 06:25:06,2026-08-19 06:25:16.76746
181,Airbus,A320 251NSL,4ac9e1,SAS767,Sweden,2354.58,136.95,2500,7900,16.023690722485902,180,0.08902050401381056,2026-08-19 06:25:05,2026-08-19 06:25:16.76746
182,Airbus,A320 251NSL,4ac9e3,SAS847,Sweden,9646.92,192.84,2500,7900,11.379612344142524,180,0.06322006857856957,2026-08-19 06:25:06,2026-08-19 06:25:16.76746
183,Airbus,Airbus A320 251NSL,4ac9e4,SAS2545,Sweden,11590.02,217.62,2500,7900,10.083836248710801,180,0.05602131249283778,2026-08-19 06:25:06,2026-08-19 06:25:16.76746
184,Airbus,Airbus A320 251NSL,4ac9e5,SAS2551,Sweden,3810,158.69,2500,7900,13.828498610148367,180,0.07682499227860204,2026-08-19 06:25:06,2026-08-19 06:25:16.76746
185,Airbus,A320-251N,4ac9f5,SAS71L,Sweden,640.08,88.49,2500,7900,24.7987845456486,180,0.13777102525360335,2026-08-19 06:25:06,2026-08-19 06:25:16.76746
186,Boeing,737NG 85P/W,02006f,RAM688K,Morocco,9235.44,235.95,2400,7584,8.928445292081657,189,0.04724045128085533,2026-08-19 06:25:06,2026-08-19 06:25:16.76746
187,Boeing,Boeing 787-9,4bb18b,THY67C,Turkey,10965.18,194.21,5500,17380,24.858543729868583,290,0.08571911630989167,2026-08-19 06:25:05,2026-08-19 06:25:16.76746
188,Boeing,737NG 800/W,34538e,AEA21SW,Spain,11582.4,226.83,2400,7584,9.287425237696365,189,0.049139816072467535,2026-08-19 06:25:06,2026-08-19 06:25:16.76746
189,Airbus,A320 214,344156,VLG1MH,Spain,11277.6,211.64,2500,7900,10.368760368760368,180,0.05760422427089093,2026-08-19 06:25:05,2026-08-19 06:25:16.76746
190,Boeing,737NG 8K2/W,484f6c,TRA32J,Kingdom of the Netherlands,12496.8,212.2,2400,7584,9.927741124725102,189,0.052527730818651336,2026-08-19 06:25:06,2026-08-19 06:25:16.76746
191,Boeing,Boeing 737NG 8K2/W,484f6d,TRA5273,Kingdom of the Netherlands,6362.7,185.29,2400,7584,11.36956482630831,189,0.06015642765242492,2026-08-19 06:25:05,2026-08-19 06:25:16.76746
192,Boeing,737NG 8B6/W,020095,RAM241S,Morocco,10980.42,14.41,2400,7584,,189,,2026-08-19 05:59:14,2026-08-19 06:25:16.76746
193,Boeing,BOEING 787-8 Dreamliner,406890,BAW130,United Kingdom,12192,233.78,5500,17380,20.650944382657958,290,0.07121015304364813,2026-08-19 06:25:06,2026-08-19 06:25:16.76746
194,Airbus,A380 861,896461,ETD7MF,United Arab Emirates,10972.8,209.12,11500,36340,48.27106180396157,525,0.09194487962659346,2026-08-19 06:25:06,2026-08-19 06:25:16.76746
195,Boeing,737NG 8B6/W,02007a,RAM221M,Morocco,10363.2,3.75,2400,7584,,189,,2026-08-19 06:03:32,2026-08-19 06:25:16.76746
196,Boeing,777 FFX,896441,ETD919,United Arab Emirates,10972.8,230.88,7500,23700,28.514091014091015,350,0.08146883146883147,2026-08-19 06:25:07,2026-08-19 06:25:16.76746
197,Boeing,Boeing 777-328(ER),3965a0,AFR51N,France,10058.4,274.28,7500,23700,24.002236157697734,350,0.0685778175934221,2026-08-19 06:25:07,2026-08-19 06:25:16.76746
198,Boeing,Boeing 777-328(ER),3965a5,AFR643,France,10972.8,237.62,7500,23700,27.705299778357602,350,0.07915799936673601,2026-08-19 06:25:06,2026-08-19 06:25:16.76746
199,Boeing,777-333ER (Boeing),c023bb,ACA898,Canada,906.78,98.88,7500,23700,66.57901833872707,350,0.19022576668207733,2026-08-19 06:25:06,2026-08-19 06:25:16.76746
200,Boeing,777-233LR (Boeing),c023ae,ACA896,Canada,11887.2,272.23,7500,23700,24.182982527029836,350,0.06909423579151382,2026-08-19 06:25:06,2026-08-19 06:25:16.76746
201,Boeing,BOEING 737-8K2,4064bb,EXS5EY,United Kingdom,11277.6,260.45,2400,7584,8.088564663723043,189,0.042796638432397054,2026-08-19 06:25:06,2026-08-19 06:25:16.76746
202,Airbus,A320 214,3c49ce,EWG79EB,Germany,10668,252.23,2500,7900,8.700172241384626,180,0.04833429022991459,2026-08-19 06:25:05,2026-08-19 06:25:16.76746
203,Airbus,A320 214,3c49cb,EWG7F,Germany,6667.5,222.37,2500,7900,9.868437489069768,180,0.054824652717054265,2026-08-19 06:25:07,2026-08-19 06:25:16.76746
204,Airbus,A320 214,3c49d4,EWG56R,Germany,8564.88,214.09,2500,7900,10.25010250102501,180,0.05694501389458339,2026-08-19 06:25:06,2026-08-19 06:25:16.76746
205,Boeing,787 9,8964be,ETD1UH,United Arab Emirates,2994.66,151.53,5500,17380,31.86021103265213,290,0.1098627966643177,2026-08-19 06:25:06,2026-08-19 06:25:16.76746
206,Boeing,BOEING 737-8K5,4064a4,TOM47T,United Kingdom,3657.6,182.08,2400,7584,11.570005858230813,189,0.061216962212861444,2026-08-19 06:25:06,2026-08-19 06:25:16.76746
207,Boeing,BOEING 737-8K5,40655b,EXS15EP,United Kingdom,11277.6,267.63,2400,7584,7.871563975139808,189,0.04164848664095137,2026-08-19 06:25:06,2026-08-19 06:25:16.76746
208,Airbus,A350 941,780aa5,CPA315,China,12496.8,239.3,5700,18012,20.90820448530436,325,0.06433293687785957,2026-08-19 06:25:06,2026-08-19 06:25:16.76746
209,Airbus,A321 231SL,345041,VLG2EC,Spain,6073.14,205.82,2700,8532,11.51491594597221,220,0.05234052702714641,2026-08-19 06:25:06,2026-08-19 06:25:16.76746
210,Airbus,A321 231SL,345042,VLG46AX,Spain,10660.38,217.52,2700,8532,10.895549834497977,220,0.04952522652044535,2026-08-19 06:25:06,2026-08-19 06:25:16.76746
211,Airbus,A321 231SL,345043,VLG17VF,Spain,769.62,96.83,2700,8532,24.4758855726531,220,0.11125402533024137,2026-08-19 06:25:06,2026-08-19 06:25:16.76746
212,Boeing,737NG 8K2/W,484c5a,TRA8G,Kingdom of the Netherlands,11887.2,259.54,2400,7584,8.116924815699571,189,0.04294669214655858,2026-08-19 06:25:01,2026-08-19 06:25:16.76746
213,Boeing,Boeing 777 F1B,780aeb,CSG2518,China,617.22,102.7,7500,23700,64.1025641025641,350,0.18315018315018314,2026-08-19 06:25:06,2026-08-19 06:25:16.76746
214,Airbus,A321 231SL,461f9d,FIN1AB,Finland,10005.06,193.79,2700,8532,12.229733216368233,220,0.05558969643803742,2026-08-19 06:25:06,2026-08-19 06:25:16.76746
215,Airbus,A320-251N,346458,IBE07DE,Spain,10668,204.65,2500,7900,10.722914461003882,180,0.059571747005577116,2026-08-19 06:25:06,2026-08-19 06:25:16.76746
216,Airbus,A320 214,461f6e,FIN5KT,Finland,11590.02,217.45,2500,7900,10.09171968013081,180,0.05606510933406005,2026-08-19 06:25:06,2026-08-19 06:25:16.76746
217,Boeing,787 8,740826,RJA262G,Jordan,12489.18,277.07,5500,17380,17.424397364484708,290,0.06008412884305072,2026-08-19 06:25:06,2026-08-19 06:25:16.76746
1028,Airbus,A320 214,451e8e,BGH4051,Bulgaria,,9.77,2500,7900,,180,,2026-08-19 06:25:06,2026-08-19 06:25:16.76746
218,Airbus,A319 112,345101,VLG50NK,Spain,1257.3,99.04,2300,7268,20.384580865194756,140,0.1456041490371054,2026-08-19 06:25:05,2026-08-19 06:25:16.76746
219,Airbus,A350 941,461f4f,FIN3ML,Finland,12192,224.71,5700,18012,22.265735095604704,325,0.06850995414032217,2026-08-19 06:25:07,2026-08-19 06:25:16.76746
220,Boeing,737 MAX 8,48af05,LOT2163,Poland,11277.6,220.78,2400,7584,9.541927106923936,189,0.050486386809121354,2026-08-19 06:25:05,2026-08-19 06:25:16.76746
221,Airbus,A320 214,461f69,FIN1897,Finland,11894.82,262.41,2500,7900,8.36265555597898,180,0.046459197533216555,2026-08-19 06:25:06,2026-08-19 06:25:16.76746
222,Airbus,A320 214,461f63,FIN6EN,Finland,11590.02,218.73,2500,7900,10.032663303819524,180,0.05573701835455291,2026-08-19 06:25:06,2026-08-19 06:25:16.76746
223,Airbus,A320 214,461f62,FIN1AU,Finland,11879.58,223.9,2500,7900,9.801002431641109,180,0.054450013509117275,2026-08-19 06:25:06,2026-08-19 06:25:16.76746
224,Boeing,Boeing 737-85P,407862,EXS28GA,United Kingdom,11277.6,271.5,2400,7584,7.759361571516268,189,0.04105482312971571,2026-08-19 06:25:06,2026-08-19 06:25:16.76746
225,Airbus,Airbus A321-251NX,407844,SHT9E,United Kingdom,10066.02,221.17,2700,8532,10.715739024279966,220,0.04870790465581803,2026-08-19 06:25:06,2026-08-19 06:25:16.76746
226,Boeing,777 32WER,e48df5,TAM8072,Brazil,10972.8,258.95,7500,23700,25.4231833687327,350,0.07263766676780772,2026-08-19 06:25:06,2026-08-19 06:25:16.76746
227,Boeing,Boeing 787 9,8964c1,ETD7LG,United Arab Emirates,,0.06,5500,17380,,290,,2026-08-19 06:23:44,2026-08-19 06:25:16.76746
228,Boeing,787 9,8964bb,ETD53M,United Arab Emirates,11277.6,247.44,5500,17380,19.510902755325645,290,0.0672789750183643,2026-08-19 06:25:06,2026-08-19 06:25:16.76746
229,Airbus,A319 112,461f35,FIN6AP,Finland,11590.02,209.1,2300,7268,9.655135767043944,140,0.06896525547888532,2026-08-19 06:25:07,2026-08-19 06:25:16.76746
230,Airbus,A319 112,461f36,FIN23B,Finland,8839.2,210.99,2300,7268,9.56864727659552,140,0.06834748054711086,2026-08-19 06:25:05,2026-08-19 06:25:16.76746
231,Airbus,A321-251NX,4076e2,BAW334,United Kingdom,11887.2,222.04,2700,8532,10.673752477031167,220,0.04851705671377803,2026-08-19 06:25:06,2026-08-19 06:25:16.76746
232,Boeing,737NG 8JP/W,47945c,NOZ1260,Norway,10668,291.07,2400,7584,7.2376633341349725,189,0.038294514995423135,2026-08-19 06:25:07,2026-08-19 06:25:16.76746
233,Airbus,A319 112,3c48f0,LHX5T,Germany,9144,239.66,2300,7268,8.423970995947963,140,0.06017122139962831,2026-08-19 06:25:06,2026-08-19 06:25:16.76746
234,Airbus,A319 112,3c48f1,EWG674,Germany,2186.94,140.91,2300,7268,14.327506130784819,140,0.10233932950560586,2026-08-19 06:23:00,2026-08-19 06:25:16.76746
235,Airbus,A319 112,3c48ee,EWG32ME,Germany,11582.4,191.82,2300,7268,10.524913402611244,140,0.0751779528757946,2026-08-19 06:25:06,2026-08-19 06:25:16.76746
236,Boeing,737NG 7K2/W,484cb7,KLM50A,Kingdom of the Netherlands,,9.26,2400,7584,,189,,2026-08-19 06:23:54,2026-08-19 06:25:16.76746
237,Boeing,737NG 8K2/W,484cb4,KLM1403,Kingdom of the Netherlands,7010.4,191.34,2400,7584,11.01006933556322,189,0.058254335108800105,2026-08-19 06:25:06,2026-08-19 06:25:16.76746
238,Boeing,Boeing 777-FFT,780bb7,CAO1039,China,10363.2,193.23,7500,23700,34.06993393020408,350,0.09734266837201165,2026-08-19 06:25:06,2026-08-19 06:25:16.76746
239,Airbus,A321 231SL,461fa1,FIN9AK,Finland,10972.8,196.58,2700,8532,12.056160341845557,220,0.054800728826570715,2026-08-19 06:25:05,2026-08-19 06:25:16.76746
240,Airbus,AIRBUS A320-214,40666c,EZY49YR,United Kingdom,11285.22,232.5,2500,7900,9.438470728793309,180,0.052435948493296164,2026-08-19 06:25:06,2026-08-19 06:25:16.76746
241,Airbus,AIRBUS A320-214,40666b,EZY39ND,United Kingdom,2529.84,153.78,2500,7900,14.270024999638732,180,0.07927791666465962,2026-08-19 06:25:06,2026-08-19 06:25:16.76746
242,Airbus,AIRBUS A320-214,406673,EZY48TH,United Kingdom,4091.94,194.12,2500,7900,11.304576779540719,180,0.06280320433078178,2026-08-19 06:25:06,2026-08-19 06:25:16.76746
243,Boeing,BOEING 737-8K5,40665e,TOM8AJ,United Kingdom,10058.4,208.41,2400,7584,10.108280152903731,189,0.053482963771977414,2026-08-19 06:25:06,2026-08-19 06:25:16.76746
244,Boeing,BOEING 737-8K5,40660e,TOM2FM,United Kingdom,11277.6,220.36,2400,7584,9.560113753252253,189,0.05058261245107012,2026-08-19 06:25:07,2026-08-19 06:25:16.76746
245,Boeing,BOEING 737-8K5,40660c,TOM2GH,United Kingdom,11277.6,227.21,2400,7584,9.271892375629006,189,0.04905763161708469,2026-08-19 06:25:06,2026-08-19 06:25:16.76746
246,Airbus,Airbus A320-251N,40792e,BAW654,United Kingdom,11887.2,266.62,2500,7900,8.230607022895674,180,0.04572559457164263,2026-08-19 06:25:07,2026-08-19 06:25:16.76746
247,Airbus,A321 231SL,345248,VLG6UP,Spain,,1.54,2700,8532,,220,,2026-08-19 06:20:47,2026-08-19 06:25:16.76746
248,Boeing,Boeing 737-8AS,407914,EXS47VA,United Kingdom,10668,212.54,2400,7584,9.911859728364856,189,0.05244370226648072,2026-08-19 06:25:06,2026-08-19 06:25:16.76746
249,Airbus,AIRBUS A320-214,406666,EZY76CX,United Kingdom,,0,2500,7900,,180,,2026-08-19 06:24:25,2026-08-19 06:25:16.76746
250,Airbus,AIRBUS A320-214,406669,EZY83ZX,United Kingdom,11277.6,209.83,2500,7900,10.45820161294593,180,0.05810112007192183,2026-08-19 06:25:05,2026-08-19 06:25:16.76746
251,Airbus,AIRBUS A320-214,406668,EZY63KQ,United Kingdom,11277.6,222.97,2500,7900,9.841882066845066,180,0.054677122593583705,2026-08-19 06:25:03,2026-08-19 06:25:16.76746
252,Boeing,BOEING 737-8K5,406660,TOM2HW,United Kingdom,11277.6,218.13,2400,7584,9.65784929476306,189,0.05109973171832307,2026-08-19 06:25:06,2026-08-19 06:25:16.76746
253,Boeing,BOEING 737-8K5,400ff4,TOM9MY,United Kingdom,11887.2,210.57,2400,7584,10.004590714093492,189,0.05293434240261107,2026-08-19 06:25:06,2026-08-19 06:25:16.76746
254,Airbus,A319 112,345204,VLG1502,Spain,1287.78,87.13,2300,7268,23.17099608503258,140,0.16550711489308986,2026-08-19 06:25:06,2026-08-19 06:25:16.76746
255,Airbus,AIRBUS A319-111,400fdb,EZY64KL,United Kingdom,2438.4,132.02,2300,7268,15.292295780100657,140,0.10923068414357612,2026-08-19 06:25:06,2026-08-19 06:25:16.76746
256,Airbus,AIRBUS A319-111,400fe2,EZY82WM,United Kingdom,11277.6,223.52,2300,7268,9.032251650361886,140,0.0645160832168706,2026-08-19 06:25:06,2026-08-19 06:25:16.76746
257,Airbus,AIRBUS A319-111,400fe0,EZY78DG,United Kingdom,8938.26,213.83,2300,7268,9.441560533549497,140,0.06743971809678212,2026-08-19 06:25:06,2026-08-19 06:25:16.76746
258,Boeing,737NG 8C9/W,4d00f6,LGL827,Luxembourg,10668,248.2,2400,7584,8.48777867311308,189,0.044908881868323175,2026-08-19 06:25:06,2026-08-19 06:25:16.76746
259,Airbus,A330 243,748051,MEA211,Lebanon,12192,245.15,5000,15800,17.902871257959976,280,0.06393882592128564,2026-08-19 06:25:06,2026-08-19 06:25:16.76746
260,Boeing,777-323ER,a99d89,AAL20,United States,10668,271.67,7500,23700,24.23283149900001,350,0.06923666142571432,2026-08-19 06:25:06,2026-08-19 06:25:16.76746
261,Airbus,A330 243,748021,,Lebanon,11582.4,243.13,5000,15800,18.051613905683745,280,0.06447004966315623,2026-08-19 06:25:02,2026-08-19 06:25:16.76746
262,Boeing,737NG 86J/W,3c49b1,TUI87W,Germany,3101.34,166.2,2400,7584,12.675491375852388,189,0.06706609193572692,2026-08-19 06:24:57,2026-08-19 06:25:16.76746
263,Airbus,Airbus A320 214,4b984f,FHY8013,Turkey,11269.98,233.04,2500,7900,9.416599916084984,180,0.05231444397824991,2026-08-19 06:25:06,2026-08-19 06:25:16.76746
264,Airbus,A320 214,4b9856,FHY8347,Turkey,9319.26,258.77,2500,7900,8.480289231535512,180,0.047112717952975065,2026-08-19 06:25:05,2026-08-19 06:25:16.76746
265,Airbus,A330-243 (Airbus),c07998,TSC434,Canada,11887.2,261.94,5000,15800,16.755321405241233,280,0.05984043359014726,2026-08-19 06:25:06,2026-08-19 06:25:16.76746
266,Airbus,A319 111,34260e,IBE04VZ,Spain,2110.74,148.93,2300,7268,13.5559584293889,140,0.096828274495635,2026-08-19 06:24:23,2026-08-19 06:25:16.76746
267,Boeing,BOEING 737-8AS,4ca4ea,RYR59SQ,Ireland,8221.98,247.09,2400,7584,8.525908238563547,189,0.04511062560086533,2026-08-19 06:25:06,2026-08-19 06:25:16.76746
268,Boeing,BOEING 737-8AS,4ca4f0,RYR5NY,Ireland,777.24,82.89,2400,7584,25.415208911408694,189,0.13447200482226823,2026-08-19 06:25:06,2026-08-19 06:25:16.76746
269,Boeing,787 8,040128,ETH574,Ethiopia,10965.18,238.3,5500,17380,20.259243717069985,290,0.06985946109334477,2026-08-19 06:25:06,2026-08-19 06:25:16.76746
270,Boeing,787 8,040124,ETH724,Ethiopia,11269.98,213.82,5500,17380,22.578700672424368,290,0.07785758852560128,2026-08-19 06:25:06,2026-08-19 06:25:16.76746
271,Airbus,A350 941,040134,ETH728,Ethiopia,12192,243.57,5700,18012,20.541664956001696,325,0.06320512294154368,2026-08-19 06:25:05,2026-08-19 06:25:16.76746
272,Boeing,BOEING 737-8AS,4ca4ef,RYR33GC,Ireland,10972.8,237.34,2400,7584,8.876155164180782,189,0.046963783937464455,2026-08-19 06:25:06,2026-08-19 06:25:16.76746
273,Boeing,BOEING 737-8AS,4ca4ed,RYR92NU,Ireland,11277.6,204.69,2400,7584,10.291986255638609,189,0.05445495373353761,2026-08-19 06:25:06,2026-08-19 06:25:16.76746
274,Boeing,BOEING 737-8AS,4ca4ec,RYR7FM,Ireland,12031.98,222.42,2400,7584,9.471570302430838,189,0.050114128584290145,2026-08-19 06:25:06,2026-08-19 06:25:16.76746
275,Boeing,Boeing 777 F1B,7800eb,CSG2695,China,10363.2,223.59,7500,23700,29.44377357365416,350,0.0841250673532976,2026-08-19 06:25:06,2026-08-19 06:25:16.76746
276,Airbus,A330-343 (Airbus),c051e6,ACA814,Canada,11277.6,235.65,5000,15800,18.624608058089915,280,0.06651645735032112,2026-08-19 06:25:06,2026-08-19 06:25:16.76746
277,Boeing,Boeing 777-328(ER),394a08,AFR099,France,,5.92,7500,23700,,350,,2026-08-19 06:24:45,2026-08-19 06:25:16.76746
278,Airbus,A330-941,a4e35f,DAL222,United States,11887.2,260.83,5000,15800,16.826626112367784,280,0.06009509325845637,2026-08-19 06:25:05,2026-08-19 06:25:16.76746
279,Boeing,BOEING 737-8AS,4ca570,RYR52XB,Ireland,1935.48,142.46,2400,7584,14.78777668585334,189,0.0782422046870547,2026-08-19 06:25:06,2026-08-19 06:25:16.76746
280,Boeing,777 328ER,394a18,AFR021,France,11277.6,277.8,7500,23700,23.698104151667867,350,0.06770886900476533,2026-08-19 06:25:06,2026-08-19 06:25:16.76746
281,Boeing,BOEING 737-8AS,4ca56d,RYR92JA,Ireland,11277.6,235.02,2400,7584,8.963776132527729,189,0.04742738694459116,2026-08-19 06:25:06,2026-08-19 06:25:16.76746
282,Boeing,BOEING 737-8AS,4ca56b,RYR95ZC,Ireland,1394.46,113.62,2400,7584,18.54133661913982,189,0.09810231015417895,2026-08-19 06:25:06,2026-08-19 06:25:16.76746
283,Boeing,Boeing 777-FBT,3c70c4,GEC8411,Germany,10972.8,206.54,7500,23700,31.87437461670056,350,0.09106964176200161,2026-08-19 06:25:05,2026-08-19 06:25:16.76746
284,Airbus,A321 212,34134e,IBE06TW,Spain,10668,229.47,2700,8532,10.32814747025755,220,0.046946124864807044,2026-08-19 06:25:06,2026-08-19 06:25:16.76746
285,Airbus,A330 343E,4ba9cf,THY2MH,Turkey,10668,251.86,5000,15800,17.42590680889736,280,0.06223538146034771,2026-08-19 06:25:07,2026-08-19 06:25:16.76746
286,Airbus,A330 343E,4ba9cd,THY8GY,Turkey,11887.2,241.65,5000,15800,18.162172103823252,280,0.06486490037079733,2026-08-19 06:25:06,2026-08-19 06:25:16.76746
287,Airbus,A330 343E,4ba9cc,THY2EU,Turkey,12192,254.04,5000,15800,17.27636942563726,280,0.06170131937727593,2026-08-19 06:25:06,2026-08-19 06:25:16.76746
288,Airbus,A330 303,4ba9e7,THY6FX,Turkey,11582.4,202.69,5000,15800,21.653208786269126,280,0.07733288852238973,2026-08-19 06:25:06,2026-08-19 06:25:16.76746
289,Airbus,A330 303,4ba9e4,THY6VM,Turkey,11582.4,211.57,5000,15800,20.744381948711485,280,0.0740870783882553,2026-08-19 06:25:06,2026-08-19 06:25:16.76746
290,Airbus,A330 303,4ba9e1,THY3JL,Turkey,11582.4,210.26,5000,15800,20.873627360833677,280,0.07454866914583456,2026-08-19 06:25:06,2026-08-19 06:25:16.76746
291,Boeing,Boeing 737-8K5,44d1c2,JAF8WY,Belgium,11277.6,251.99,2400,7584,8.360120110586397,189,0.044233439738552364,2026-08-19 06:25:06,2026-08-19 06:25:16.76746
292,Airbus,AIRBUS A320-214,406fdb,EZY23UZ,United Kingdom,11277.6,240.71,2500,7900,9.116548728529951,180,0.0506474929362775,2026-08-19 06:25:06,2026-08-19 06:25:16.76746
293,Boeing,777 260LR,040032,ETH717,Ethiopia,10668,246.97,7500,23700,26.656409010541093,350,0.07616116860154598,2026-08-19 06:23:59,2026-08-19 06:25:16.76746
294,Airbus,A330-302,ab4866,DAL46,United States,,2.83,5000,15800,,280,,2026-08-19 06:24:22,2026-08-19 06:25:16.76746
295,Boeing,737 MAX 8,49d2ee,TVS2H8,Czech Republic,10972.8,192.32,2400,7584,10.953965612867444,189,0.05795749001517166,2026-08-19 06:25:06,2026-08-19 06:25:16.76746
296,Boeing,787 8,040088,ETH714,Ethiopia,,0,5500,17380,,290,,2026-08-19 06:25:02,2026-08-19 06:25:16.76746
297,Boeing,737NG 8K2/W,48520c,TRA10G,Kingdom of the Netherlands,11277.6,223.12,2400,7584,9.441854906179035,189,0.04995690426549754,2026-08-19 06:25:06,2026-08-19 06:25:16.76746
298,Boeing,737NG 8K2/W,485209,TRA761A,Kingdom of the Netherlands,990.6,79.91,2400,7584,26.362991698994705,189,0.13948672856610955,2026-08-19 06:25:06,2026-08-19 06:25:16.76746
299,Boeing,777-F,06a2e2,QTR38J,Qatar,10363.2,235,7500,23700,28.01418439716312,350,0.08004052684903748,2026-08-19 06:25:07,2026-08-19 06:25:16.76746
300,Boeing,Boeing 737 MAX 8,49d423,TVS2545,Czech Republic,11582.4,191.34,2400,7584,11.01006933556322,189,0.058254335108800105,2026-08-19 06:25:05,2026-08-19 06:25:16.76746
301,Airbus,AIRBUS A319-111,405d11,EZY45YM,United Kingdom,11894.82,240.36,2300,7268,8.399437880216711,140,0.059995984858690794,2026-08-19 06:25:06,2026-08-19 06:25:16.76746
302,Boeing,777-323ER,a9c151,AAL216,United States,11277.6,278.28,7500,23700,23.657227732260075,350,0.06759207923502879,2026-08-19 06:25:06,2026-08-19 06:25:16.76746
303,Airbus,A330 343E,4ba9c8,THY1BX,Turkey,11887.2,231.15,5000,15800,18.9871896555868,280,0.06781139162709571,2026-08-19 06:25:06,2026-08-19 06:25:16.76746
304,Airbus,A330 203,4ba9c2,THY2FB,Turkey,12192,201.26,5000,15800,21.807059966654524,280,0.07788235702376615,2026-08-19 06:25:06,2026-08-19 06:25:16.76746
305,Airbus,A330 343E,4ba9d0,THY1QG,Turkey,11582.4,201.9,5000,15800,21.73793407077211,280,0.0776354788241861,2026-08-19 06:25:06,2026-08-19 06:25:16.76746
306,Airbus,A330-243 (Airbus),c078c2,TSC402,Canada,12496.8,249.05,5000,15800,17.622521135871867,280,0.06293757548525666,2026-08-19 06:25:06,2026-08-19 06:25:16.76746
307,Airbus,A330-243 (Airbus),c078b2,TSC690,Canada,,2.57,5000,15800,,280,,2026-08-19 06:21:02,2026-08-19 06:25:16.76746
308,Boeing,737NG 8F2/W,4ba8cf,THY3121,Turkey,11277.6,259.64,2400,7584,8.113798592923535,189,0.04293015128530971,2026-08-19 06:25:06,2026-08-19 06:25:16.76746
309,Boeing,737NG 8F2/W,4ba8f6,TKJ4CM,Turkey,11277.6,240.48,2400,7584,8.760257263251276,189,0.046350567530430035,2026-08-19 06:23:27,2026-08-19 06:25:16.76746
310,Boeing,737NG 8F2/W,4ba8c8,TKJ85G,Turkey,11590.02,189.18,2400,7584,11.135778975931212,189,0.058919465481117525,2026-08-19 06:25:06,2026-08-19 06:25:16.76746
311,Airbus,AIRBUS A320-214,406d8e,EZY612A,United Kingdom,2346.96,138.28,2500,7900,15.869572204544724,180,0.08816429002524846,2026-08-19 06:25:06,2026-08-19 06:25:16.76746
312,Airbus,AIRBUS A320-214,406d92,EZY95GU,United Kingdom,11887.2,231.81,2500,7900,9.46656505087979,180,0.05259202806044328,2026-08-19 06:25:06,2026-08-19 06:25:16.76746
313,Airbus,AIRBUS A320-214,406d90,EZY23FC,United Kingdom,2705.1,142.9,2500,7900,15.356504159863151,180,0.08531391199923972,2026-08-19 06:25:06,2026-08-19 06:25:16.76746
314,Boeing,737-76N (Boeing),c06403,WJA44,Canada,10058.4,249.11,2400,7584,8.456772777755475,189,0.04474482951193373,2026-08-19 06:25:06,2026-08-19 06:25:16.76746
315,Airbus,A320-214,4ca2c9,EIN2MW,Ireland,1440.18,127,2500,7900,17.279090113735784,180,0.09599494507630991,2026-08-19 06:25:06,2026-08-19 06:25:16.76746
316,Boeing,BOEING 737-8AS,4ca2c1,RYR92CF,Ireland,9144,212.48,2400,7584,9.914658634538153,189,0.052458511293852664,2026-08-19 06:25:06,2026-08-19 06:25:16.76746
317,Airbus,A320-214,4ca2cb,EIN3JE,Ireland,5646.42,220.28,2500,7900,9.962068478502108,180,0.055344824880567266,2026-08-19 06:25:06,2026-08-19 06:25:16.76746
318,Airbus,A320-214,4ca2ca,EIN4RG,Ireland,2194.56,165.95,2500,7900,13.22352783636303,180,0.07346404353535016,2026-08-19 06:25:06,2026-08-19 06:25:16.76746
319,Boeing,737NG 86N/W,49d1cd,TVP7366,Czech Republic,11277.6,213.21,2400,7584,9.8807122867908,189,0.05227890098831111,2026-08-19 06:25:06,2026-08-19 06:25:16.76746
320,Airbus,AIRBUS A320-232,405a49,BAW99C,United Kingdom,2423.16,136.15,2500,7900,16.117843881340026,180,0.08954357711855569,2026-08-19 06:25:06,2026-08-19 06:25:16.76746
321,Airbus,AIRBUS A320-232,405a48,SHT13Z,United Kingdom,,3.6,2500,7900,,180,,2026-08-19 06:21:31,2026-08-19 06:25:16.76746
322,Boeing,B777-3F2(ER),4ba956,THY30S,Turkey,10972.8,225.88,7500,23700,29.14526887432855,350,0.08327219678379585,2026-08-19 06:25:06,2026-08-19 06:25:16.76746
323,Boeing,777 3F2ER,4ba94f,THY3,Turkey,9753.6,209.2,7500,23700,31.469088591459528,350,0.08991168168988437,2026-08-19 06:25:06,2026-08-19 06:25:16.76746
324,Boeing,Boeing 777-3F2(ER),4ba946,THY2,Turkey,11277.6,293.31,7500,23700,22.44496721330106,350,0.06412847775228873,2026-08-19 06:25:06,2026-08-19 06:25:16.76746
325,Boeing,737NG 8Q8/W,49d327,TVS2141,Czech Republic,8892.54,249.23,2400,7584,8.45270098570263,189,0.044723285638638255,2026-08-19 06:25:04,2026-08-19 06:25:16.76746
326,Boeing,BOEING 737-8AS,4ca302,RYR5442,Ireland,10965.18,237.02,2400,7584,8.888138834978763,189,0.047027189603062236,2026-08-19 06:24:48,2026-08-19 06:25:16.76746
327,Boeing,BOEING 737-8AS,4ca303,RYR63DQ,Ireland,,9.77,2400,7584,,189,,2026-08-19 06:25:05,2026-08-19 06:25:16.76746
328,Boeing,Boeing 737NG 9GJER/W,49d369,TVS87M,Czech Republic,10363.2,193.23,2400,7584,10.902378857665305,189,0.05768454422045135,2026-08-19 06:25:04,2026-08-19 06:25:16.76746
329,Airbus,AIRBUS A320-232,40123f,BAW812,United Kingdom,10668,294.95,2500,7900,7.44005575332919,180,0.04133364307405106,2026-08-19 06:25:06,2026-08-19 06:25:16.76746
330,Boeing,737NG 9GJER/W,49d38c,TVS8KQ,Czech Republic,10363.2,212.14,2400,7584,9.930549008516389,189,0.05254258734664756,2026-08-19 06:25:06,2026-08-19 06:25:16.76746
331,Airbus,A320 232,45ac33,SAS1673,Denmark,,3.34,2500,7900,,180,,2026-08-19 06:25:06,2026-08-19 06:25:16.76746
332,Airbus,A321 212,34250a,IBE04WY,Spain,,3.09,2700,8532,,220,,2026-08-19 06:24:52,2026-08-19 06:25:16.76746
333,Airbus,A320 214,4408df,AUA148,Austria,7269.48,266.15,2500,7900,8.245141628572025,180,0.0458063423809557,2026-08-19 06:25:06,2026-08-19 06:25:16.76746
334,Boeing,737NG 8K2/W,485061,TRA5371,Kingdom of the Netherlands,11277.6,214.37,2400,7584,9.827245727791512,189,0.051996009141754035,2026-08-19 06:25:06,2026-08-19 06:25:16.76746
335,Airbus,AIRBUS A320-214,406e65,EZY91FG,United Kingdom,11262.36,219.26,2500,7900,10.008412133742791,180,0.055602289631904396,2026-08-19 06:25:06,2026-08-19 06:25:16.76746
336,Airbus,AIRBUS A320-214,406e66,EZY52LD,United Kingdom,3695.7,171.62,2500,7900,12.786647502881042,180,0.07103693057156134,2026-08-19 06:25:06,2026-08-19 06:25:16.76746
337,Airbus,A320 214,44d068,BEL1YC,Belgium,11887.2,231.64,2500,7900,9.473512538613557,180,0.05263062521451976,2026-08-19 06:25:06,2026-08-19 06:25:16.76746
338,Airbus,A320 214,44d071,BEL5TR,Belgium,7780.02,237.45,2500,7900,9.24171170538827,180,0.051342842807712605,2026-08-19 06:25:06,2026-08-19 06:25:16.76746
339,Airbus,A320 214,44d076,BEL1TE,Belgium,11277.6,253.98,2500,7900,8.640225389575733,180,0.04800125216430962,2026-08-19 06:25:06,2026-08-19 06:25:16.76746
340,Boeing,737NG 8K2/W,485009,TRA83R,Kingdom of the Netherlands,11887.2,216.13,2400,7584,9.747220037323217,189,0.051572592790069934,2026-08-19 06:25:06,2026-08-19 06:25:16.76746
341,Airbus,AIRBUS A330-243,406e9f,EXS9TL,United Kingdom,12496.8,226.86,5000,15800,19.34624389001538,280,0.06909372817862636,2026-08-19 06:25:06,2026-08-19 06:25:16.76746
342,Boeing,737NG 8F2/W,4ba919,THY1246,Turkey,1546.86,147.42,2400,7584,14.290236512458735,189,0.07560971699713616,2026-08-19 06:25:06,2026-08-19 06:25:16.76746
343,Boeing,737-8F2 (W),4ba914,THY3NU,Turkey,10668,261.38,2400,7584,8.059785242431198,189,0.042644366362069835,2026-08-19 06:25:07,2026-08-19 06:25:16.76746
344,Boeing,737NG 8F2/W,4ba916,THY9SF,Turkey,9502.14,252.71,2400,7584,8.336301162069828,189,0.04410741355592502,2026-08-19 06:25:06,2026-08-19 06:25:16.76746
345,Airbus,AIRBUS A319-111,405b6a,EZY9006,United Kingdom,304.8,80.21,2300,7268,25.170039756749645,140,0.17978599826249747,2026-08-19 06:25:06,2026-08-19 06:25:16.76746
346,Boeing,737NG 8F2/W,4ba90f,THY1748,Turkey,11887.2,255.25,2400,7584,8.253346392425726,189,0.043668499430823945,2026-08-19 06:08:33,2026-08-19 06:25:16.76746
347,Airbus,A330-223,abca08,DAL86,United States,11887.2,282.5,5000,15800,15.535889872173058,280,0.055485320972046635,2026-08-19 06:25:06,2026-08-19 06:25:16.76746
348,Airbus,AIRBUS A319-111,405b65,EZY8467,United Kingdom,3726.18,153.4,2300,7268,13.16094451687672,140,0.09400674654911943,2026-08-19 06:25:06,2026-08-19 06:25:16.76746
349,Airbus,AIRBUS A319-111,405b67,EZY23KM,United Kingdom,7322.82,203.35,2300,7268,9.928147966013716,140,0.07091534261438369,2026-08-19 06:25:06,2026-08-19 06:25:16.76746
350,Airbus,AIRBUS A319-111,405b64,EZY25RN,United Kingdom,,0,2300,7268,,140,,2026-08-19 06:25:04,2026-08-19 06:25:16.76746
351,Boeing,737NG 8F2/W,4ba903,TKJ8TK,Turkey,4823.46,184.16,2400,7584,11.439328120474949,189,0.060525545610978566,2026-08-19 06:23:52,2026-08-19 06:25:16.76746
352,Airbus,A321 212,3423c4,IBE05DM,Spain,10363.2,244.11,2700,8532,9.70873786407767,220,0.044130626654898496,2026-08-19 06:25:06,2026-08-19 06:25:16.76746
353,Airbus,A321 212,3423c3,IBE05VA,Spain,,42.18,2700,8532,,220,,2026-08-19 06:24:59,2026-08-19 06:25:16.76746
354,Boeing,737NG 8F2/W,4ba901,TKJ9BU,Turkey,1219.2,115.33,2400,7584,18.266423885083384,189,0.0966477454237216,2026-08-19 06:24:59,2026-08-19 06:25:16.76746
355,Airbus,A320 214,3424d4,VLG7HH,Spain,9144,217.61,2500,7900,10.084299639007602,180,0.05602388688337557,2026-08-19 06:25:06,2026-08-19 06:25:16.76746
356,Airbus,A320 214,3424d5,VLG4HQ,Spain,60.96,71.91,2500,7900,30.516540737650462,180,0.16953633743139146,2026-08-19 06:23:47,2026-08-19 06:25:16.76746
357,Airbus,A319 112,3c09f2,LHX62H,Germany,2011.68,115.05,2300,7268,17.547926022502292,140,0.12534232873215922,2026-08-19 06:25:07,2026-08-19 06:25:16.76746
358,Airbus,A330 243F,4ba893,THY6550,Turkey,1257.3,80.71,5000,15800,54.378501906689245,280,0.194208935381033,2026-08-19 06:25:06,2026-08-19 06:25:16.76746
359,Boeing,BOEING 737-8AS,4ca242,RYR437N,Ireland,10668,249.44,2400,7584,8.445584776566175,189,0.04468563373844537,2026-08-19 06:25:06,2026-08-19 06:25:16.76746
360,Boeing,BOEING 737-8K5,406cab,EXS3XZ,United Kingdom,11277.6,228.04,2400,7584,9.23814535461615,189,0.048879075950349994,2026-08-19 06:25:06,2026-08-19 06:25:16.76746
361,Boeing,BOEING 737-8K5,406caa,EXS9WG,United Kingdom,11582.4,204.57,2400,7584,10.298023496439686,189,0.05448689680655919,2026-08-19 06:25:06,2026-08-19 06:25:16.76746
362,Boeing,BOEING 737-8AS,4ca246,RYR4ZJ,Ireland,259.08,81.59,2400,7584,25.820157699064424,189,0.13661459100034087,2026-08-19 06:25:06,2026-08-19 06:25:16.76746
363,Airbus,A320-214,4ca214,EIN45F,Ireland,10675.62,255.51,2500,7900,8.588487512991446,180,0.04771381951661914,2026-08-19 06:25:06,2026-08-19 06:25:16.76746
364,Airbus,A320-214,4ca216,EIN60H,Ireland,2750.82,198.28,2500,7900,11.067401878376257,180,0.06148556599097921,2026-08-19 06:25:06,2026-08-19 06:25:16.76746
365,Airbus,A320-214,4ca215,EIN680,Ireland,10668,231.87,2500,7900,9.46411542866453,180,0.052578419048136274,2026-08-19 06:25:06,2026-08-19 06:25:16.76746
366,Airbus,A320 216,34258f,VLG32LC,Spain,4533.9,176.56,2500,7900,12.428887881991644,180,0.06904937712217579,2026-08-19 06:25:05,2026-08-19 06:25:16.76746
367,Boeing,BOEING 737-8AS,4ca225,RYR717M,Ireland,,0,2400,7584,,189,,2026-08-19 06:24:43,2026-08-19 06:25:16.76746
368,Boeing,BOEING 737-8AS,4ca226,RYR34CN,Ireland,10972.8,253.13,2400,7584,8.322469350399663,189,0.044034229367193985,2026-08-19 06:25:06,2026-08-19 06:25:16.76746
369,Airbus,A320-214,4ca281,EIN550,Ireland,11277.6,236.03,2500,7900,9.297311547025567,180,0.051651730816808704,2026-08-19 06:25:06,2026-08-19 06:25:16.76746
370,Airbus,A320-214,4ca280,EIN892,Ireland,11277.6,235.07,2500,7900,9.335280743797357,180,0.0518626707988742,2026-08-19 06:25:06,2026-08-19 06:25:16.76746
371,Airbus,A320 216,342592,VLG6TP,Spain,10980.42,247.34,2500,7900,8.87217774902743,180,0.04928987638348572,2026-08-19 06:25:06,2026-08-19 06:25:16.76746
372,Airbus,A320 216,342591,VLG98EY,Spain,22.86,66.76,2500,7900,32.87064775980294,180,0.182614709776683,2026-08-19 06:25:06,2026-08-19 06:25:16.76746
373,Boeing,777-223,aabbc9,AAL220,United States,,0,7500,23700,,350,,2026-08-19 06:24:35,2026-08-19 06:25:16.76746
374,Airbus,A320-214,4ca293,EIN428,Ireland,11277.6,246.02,2500,7900,8.919780686303733,180,0.049554337146131854,2026-08-19 06:25:06,2026-08-19 06:25:16.76746
375,Airbus,A320-214,4ca292,EIN63N,Ireland,1280.16,114.89,2500,7900,19.100395547431845,180,0.10611330859684358,2026-08-19 06:25:06,2026-08-19 06:25:16.76746
376,Airbus,A320 216,342581,VLG3ZR,Spain,22.86,0,2500,7900,,180,,2026-08-19 06:24:29,2026-08-19 06:25:16.76746
377,Boeing,BOEING 737-8AS,4ca27c,RYR4MH,Ireland,10972.8,247.59,2400,7584,8.50869044253268,189,0.04501952615096656,2026-08-19 06:25:06,2026-08-19 06:25:16.76746
378,Boeing,737NG 86N/W,49d276,TVP7208,Czech Republic,11277.6,254.69,2400,7584,8.271493449553052,189,0.043764515606100805,2026-08-19 06:25:06,2026-08-19 06:25:16.76746
379,Boeing,737NG 8Q8/W,49d283,TVS3KM,Czech Republic,4861.56,145.9,2400,7584,14.439113548092301,189,0.07639742618038255,2026-08-19 06:25:06,2026-08-19 06:25:16.76746
380,Boeing,BOEING 737-8AS,4ca264,RYR824,Ireland,8435.34,230.66,2400,7584,9.133211942541692,189,0.0483238727118608,2026-08-19 06:25:06,2026-08-19 06:25:16.76746
381,Boeing,BOEING 737-8AS,4ca263,RYR7NH,Ireland,9067.8,247.6,2400,7584,8.508346795907377,189,0.04501770791485384,2026-08-19 06:25:06,2026-08-19 06:25:16.76746
382,Boeing,BOEING 737-8AS,4ca24f,RYR9HT,Ireland,11277.6,219.25,2400,7584,9.60851387305207,189,0.050838697741016244,2026-08-19 06:25:06,2026-08-19 06:25:16.76746
383,Boeing,737NG 86N/W,49d26c,TVS4UW,Czech Republic,10972.8,228.26,2400,7584,9.22924150822162,189,0.04883196565196624,2026-08-19 06:25:06,2026-08-19 06:25:16.76746
384,Boeing,BOEING 737-8AS,4ca24c,RYR5FW,Ireland,11887.2,214,2400,7584,9.84423676012461,189,0.052085908783728097,2026-08-19 06:25:06,2026-08-19 06:25:16.76746
385,Boeing,BOEING 737-8AS,4ca259,RYR69BY,Ireland,1569.72,118.27,2400,7584,17.812350271976552,189,0.09424523953426747,2026-08-19 06:25:06,2026-08-19 06:25:16.76746
386,Boeing,BOEING 737-8AS,4ca25b,RUK198P,Ireland,,5.92,2400,7584,,189,,2026-08-19 06:25:06,2026-08-19 06:25:16.76746
387,Boeing,BOEING 737-8AS,4ca25a,RYR1AE,Ireland,5120.64,210.82,2400,7584,9.992726812762863,189,0.052871570437898745,2026-08-19 06:25:06,2026-08-19 06:25:16.76746
388,Airbus,AIRBUS A320-214,406b90,EZY756N,United Kingdom,6972.3,216.65,2500,7900,10.128984280842115,180,0.056272134893567305,2026-08-19 06:25:06,2026-08-19 06:25:16.76746
389,Airbus,AIRBUS A320-232,406b80,EFW67A,United Kingdom,1211.58,111.04,2500,7900,19.76264809478066,180,0.1097924894154481,2026-08-19 06:25:06,2026-08-19 06:25:16.76746
390,Boeing,777 F6N,780630,HLF9815,China,10363.2,216.32,7500,23700,30.43330867850099,350,0.08695231051000282,2026-08-19 06:25:06,2026-08-19 06:25:16.76746
391,Airbus,AIRBUS A320-232,406b5a,EFW5BP,United Kingdom,8138.16,193.22,2500,7900,11.357232400602653,180,0.06309573555890363,2026-08-19 06:25:06,2026-08-19 06:25:16.76746
392,Airbus,AIRBUS A320-232,406b5b,EFW1RF,United Kingdom,777.24,101.4,2500,7900,21.641463949156254,180,0.1202303552730903,2026-08-19 06:25:06,2026-08-19 06:25:16.76746
393,Airbus,A319-111,4405b6,EJU68QR,Austria,10972.8,240.5,2300,7268,8.394548394548394,140,0.05996105996105996,2026-08-19 06:25:07,2026-08-19 06:25:16.76746
394,Airbus,AIRBUS A320-214,406b91,EZY59RP,United Kingdom,11277.6,202.46,2500,7900,10.838903706630665,180,0.0602161317035037,2026-08-19 06:25:06,2026-08-19 06:25:16.76746
395,Boeing,777 3DZER,06a064,QTR72P,Qatar,10058.4,245.52,7500,23700,26.813837297708265,350,0.0766109637077379,2026-08-19 06:25:06,2026-08-19 06:25:16.76746
396,Airbus,A320 214,3420cc,IBE0684,Spain,8557.26,205.44,2500,7900,10.681680512287988,180,0.05934266951271105,2026-08-19 06:25:06,2026-08-19 06:25:16.76746
397,Airbus,A321 212,3420ca,IBE07TT,Spain,9578.34,239.34,2700,8532,9.902231135622962,220,0.04501014152555892,2026-08-19 06:25:06,2026-08-19 06:25:16.76746
398,Boeing,BOEING 777-336ER,406b05,BAW116,United Kingdom,11887.2,282.19,7500,23700,23.329435250481353,350,0.06665552928708958,2026-08-19 06:25:06,2026-08-19 06:25:16.76746
399,Boeing,737NG 8K2/W,39cea1,TVF6878,France,12268.2,219.52,2400,7584,9.596695821185616,189,0.05077616836606146,2026-08-19 06:25:06,2026-08-19 06:25:16.76746
400,Boeing,737NG 8K2/W,39cea2,TVF15YM,France,8770.62,207.95,2400,7584,10.130640378296064,189,0.05360127184283632,2026-08-19 06:25:03,2026-08-19 06:25:16.76746
401,Airbus,A320 271NSL,38c53b,123,France,,0,2500,7900,,180,,2026-08-19 06:25:05,2026-08-19 06:25:16.76746
402,Boeing,737NG 800/W,39cea4,TVF46LE,France,11887.2,210.76,2400,7584,9.995571582210413,189,0.05288662212809742,2026-08-19 06:25:06,2026-08-19 06:25:16.76746
403,Boeing,737NG 800/W,39cea5,TVF63AB,France,11582.4,238.05,2400,7584,8.8496814394735,189,0.04682371131996561,2026-08-19 06:25:06,2026-08-19 06:25:16.76746
404,Boeing,BOEING 787-9 Dreamliner,406b48,VIR359,United Kingdom,11574.78,232.46,5500,17380,20.768208628485667,290,0.07161451251201954,2026-08-19 06:25:06,2026-08-19 06:25:16.76746
405,Airbus,AIRBUS A380-841,406b21,BAW6R,United Kingdom,,0,11500,36340,,525,,2026-08-19 06:24:56,2026-08-19 06:25:16.76746
406,Airbus,A321neo,407e45,EXS35AJ,United Kingdom,11285.22,272.17,2700,8532,8.707792923540433,220,0.039580876925183785,2026-08-19 06:25:06,2026-08-19 06:25:16.76746
407,Airbus,A319-111,44064a,EJU89JQ,Austria,11887.2,248.59,2300,7268,8.121360026102776,140,0.05800971447216269,2026-08-19 06:25:06,2026-08-19 06:25:16.76746
408,Airbus,A320 214,440669,AUA36U,Austria,10363.2,214.7,2500,7900,10.220980179061224,180,0.056783223217006795,2026-08-19 06:25:07,2026-08-19 06:25:16.76746
409,Airbus,A320 214,440665,AUA8DF,Austria,8595.36,223.1,2500,7900,9.836147218486976,180,0.05464526232492765,2026-08-19 06:24:32,2026-08-19 06:25:16.76746
410,Airbus,A320-214,440609,AUA37KS,Austria,3253.74,180.58,2500,7900,12.15220093279679,180,0.06751222740442661,2026-08-19 06:25:06,2026-08-19 06:25:16.76746
411,Boeing,BOEING 737-3U3,40104f,EXS201,United Kingdom,10073.64,185.94,2400,7584,11.32981965508587,189,0.05994613574119508,2026-08-19 06:25:06,2026-08-19 06:25:16.76746
412,Boeing,777 228ER,3949ec,AFR415,France,11582.4,254.69,7500,23700,25.848417029853284,350,0.0738526200852951,2026-08-19 06:25:07,2026-08-19 06:25:16.76746
413,Airbus,A321 213,34224e,IBE06MG,Spain,11269.98,218.54,2700,8532,10.844696623043836,220,0.04929407555929016,2026-08-19 06:25:06,2026-08-19 06:25:16.76746
414,Airbus,A350-941,39cf02,AFR579,France,1752.6,137.89,5700,18012,36.284961442695874,325,0.111646035208295,2026-08-19 06:25:06,2026-08-19 06:25:16.76746
415,Airbus,A350-941,39cf06,AFR935,France,12192,230.16,5700,18012,21.73850075309929,325,0.06688769462492089,2026-08-19 06:25:05,2026-08-19 06:25:16.76746
416,Boeing,787-9,ab6afa,AAL110,United States,4389.12,179.57,5500,17380,26.885213441987958,290,0.09270763255857917,2026-08-19 06:25:06,2026-08-19 06:25:16.76746
417,Boeing,737NG 8FN/W,49d13f,TVS16H,Czech Republic,10972.8,248.26,2400,7584,8.485727328875642,189,0.04489802819510922,2026-08-19 06:25:06,2026-08-19 06:25:16.76746
418,Boeing,737NG 8FN/W,49d13d,EWG520,Czech Republic,5631.18,185.16,2400,7584,11.377547346439115,189,0.06019866320867257,2026-08-19 06:25:06,2026-08-19 06:25:16.76746
419,Airbus,AIRBUS A319-111,4010ea,EZY397Q,United Kingdom,11521.44,191.06,2300,7268,10.566779487537364,140,0.0754769963395526,2026-08-19 06:25:05,2026-08-19 06:25:16.76746
420,Airbus,AIRBUS A319-111,4010ed,EZY19HN,United Kingdom,4488.18,177.93,2300,7268,11.346534529808851,140,0.08104667521292036,2026-08-19 06:25:06,2026-08-19 06:25:16.76746
421,Airbus,AIRBUS A321-231,4010dd,EFW2BZ,United Kingdom,10226.04,204.15,2700,8532,11.609110947832475,220,0.05276868612651125,2026-08-19 06:25:06,2026-08-19 06:25:16.76746
422,Airbus,AIRBUS A321-231,4010dc,EFW5QQ,United Kingdom,,5.14,2700,8532,,220,,2026-08-19 06:24:24,2026-08-19 06:25:16.76746
423,Airbus,AIRBUS A319-111,4010e9,EZY29PG,United Kingdom,10668,214.61,2300,7268,9.40724518377004,140,0.0671946084555003,2026-08-19 06:25:06,2026-08-19 06:25:16.76746
424,Airbus,A319-100,4406f0,EJU8078,Austria,1973.58,140.27,2300,7268,14.392877228836449,140,0.10280626592026035,2026-08-19 06:25:06,2026-08-19 06:25:16.76746
425,Boeing,BOEING 737-8K5,406c81,EXS1DC,United Kingdom,11887.2,212.81,2400,7584,9.899284181507761,189,0.05237716498152255,2026-08-19 06:25:06,2026-08-19 06:25:16.76746
426,Airbus,AIRBUS A320-214,406c71,EZY396L,United Kingdom,1493.52,119.98,2500,7900,18.290085384601138,180,0.10161158547000632,2026-08-19 06:25:06,2026-08-19 06:25:16.76746
427,Airbus,AIRBUS A320-214,406c72,EZY39DE,United Kingdom,10363.2,226.36,2500,7900,9.694488621860948,180,0.05385827012144971,2026-08-19 06:25:01,2026-08-19 06:25:16.76746
428,Airbus,A330-302,ab398a,DAL128,United States,1043.94,114.35,5000,15800,38.38118835932566,280,0.13707567271187737,2026-08-19 06:25:06,2026-08-19 06:25:16.76746
429,Airbus,AIRBUS A321-211,406ade,EXS2KC,United Kingdom,8458.2,208.54,2700,8532,11.364726191617915,220,0.05165784632553598,2026-08-19 06:25:06,2026-08-19 06:25:16.76746
430,Boeing,BOEING 737-8K5,406ae8,TOM42K,United Kingdom,11277.6,209.63,2400,7584,10.049452209448393,189,0.05317170481189626,2026-08-19 06:25:06,2026-08-19 06:25:16.76746
431,Boeing,BOEING 737-8K5,406ae9,TOM1TB,United Kingdom,11887.2,262.4,2400,7584,8.028455284552846,189,0.0424785993891685,2026-08-19 06:25:06,2026-08-19 06:25:16.76746
432,Airbus,AIRBUS A320-232,406ae3,EFW16HC,United Kingdom,11887.2,225.01,2500,7900,9.752652968510041,180,0.05418140538061134,2026-08-19 06:25:07,2026-08-19 06:25:16.76746
433,Airbus,A320 214,342397,VLG6RL,Spain,3284.22,229.33,2500,7900,9.568937533006777,180,0.05316076407225987,2026-08-19 06:25:06,2026-08-19 06:25:16.76746
434,Boeing,737 MAX 8,48c2a5,RYR4RW,Poland,11582.4,187.38,2400,7584,11.242750916141887,189,0.059485454582761305,2026-08-19 06:25:06,2026-08-19 06:25:16.76746
435,Boeing,737-8 2000,48c2a1,RYR3UV,Poland,4152.9,155.85,2400,7584,13.517270880119774,189,0.07151995174666548,2026-08-19 06:25:06,2026-08-19 06:25:16.76746
436,Boeing,737NG 8FH/W,49d006,TVS6PS,Czech Republic,11582.4,195.51,2400,7584,10.775237413261044,189,0.05701183816540235,2026-08-19 06:25:05,2026-08-19 06:25:16.76746
437,Boeing,787-8,a2ca5d,UAL909,United States,11620.5,296.55,5500,17380,16.279810412334438,290,0.05613727728391186,2026-08-19 06:25:06,2026-08-19 06:25:16.76746
438,Boeing,BOEING 737-86Q,406ac4,EXS91KB,United Kingdom,10668,222.44,2400,7584,9.470718695678235,189,0.05010962272845627,2026-08-19 06:25:06,2026-08-19 06:25:16.76746
439,Boeing,737NG 82R/W,49d034,TVS4RT,Czech Republic,11582.4,208.69,2400,7584,10.094717843052694,189,0.05341120551879732,2026-08-19 06:25:06,2026-08-19 06:25:16.76746
440,Boeing,737-8KN (W),45ab21,SAS1693,Denmark,10668,276.42,2400,7584,7.621252683115066,189,0.04032408827045009,2026-08-19 06:25:07,2026-08-19 06:25:16.76746
441,Boeing,737-8KN (W,45ab22,GL765,Denmark,327.66,88.04,2400,7584,23.928517340602756,189,0.12660591185504103,2026-08-19 06:25:06,2026-08-19 06:25:16.76746
442,Airbus,A350-1041,789216,CPA261,China,,8.75,5700,18012,,325,,2026-08-19 06:23:14,2026-08-19 06:25:16.76746
443,Boeing,Boeing 737-8AS,48c12c,RYR14UU,Poland,746.76,0.19,2400,7584,,189,,2026-08-19 04:06:49,2026-08-19 06:25:16.76746
444,Boeing,Boeing 737-8AS (W),48c139,RYR74XG,Poland,8983.98,229.58,2400,7584,9.176176786595812,189,0.04855119992907837,2026-08-19 06:22:10,2026-08-19 06:25:16.76746
445,Boeing,Boeing 737-8AS (W),48c138,RYR1BR,Poland,11582.4,189.89,2400,7584,11.09414222269033,189,0.058699165199419735,2026-08-19 06:25:05,2026-08-19 06:25:16.76746
446,Boeing,Boeing 737-8AS,48c133,RYR69UA,Poland,11582.4,234.09,2400,7584,8.999387699887507,189,0.04761580793591273,2026-08-19 06:25:06,2026-08-19 06:25:16.76746
447,Boeing,Boeing 737-8AS (W),48c134,RYR44PV,Poland,10972.8,182.56,2400,7584,11.539585159217062,189,0.06105600613342361,2026-08-19 06:25:06,2026-08-19 06:25:16.76746
448,Boeing,737-8AS,48c132,RYS3038,Poland,10972.8,195.26,2400,7584,10.789033425518111,189,0.057084832939249264,2026-08-19 06:25:06,2026-08-19 06:25:16.76746
449,Boeing,Boeing 737-8AS (W),48c130,RYR4C,Poland,4114.8,200.02,2400,7584,10.532280105322801,189,0.0557263497636127,2026-08-19 06:25:03,2026-08-19 06:25:16.76746
450,Boeing,Boeing 737-8AS (W),48c129,RYR82LZ,Poland,11277.6,260.96,2400,7584,8.072756999795628,189,0.042712999998918665,2026-08-19 06:25:07,2026-08-19 06:25:16.76746
451,Boeing,737-8AS (W),48c126,RYR34EJ,Poland,10972.8,218.61,2400,7584,9.63664364240733,189,0.050987532499509686,2026-08-19 06:25:06,2026-08-19 06:25:16.76746
452,Boeing,Boeing 737-8AS (W),48c127,RYR2AD,Poland,10972.8,129.25,2400,7584,16.299161831076724,189,0.08623895148717843,2026-08-19 05:34:33,2026-08-19 06:25:16.76746
453,Boeing,737-8AS (W),48c125,RYR5GK,Poland,9227.82,180.62,2400,7584,11.663529324917874,189,0.061711795369935846,2026-08-19 06:25:07,2026-08-19 06:25:16.76746
454,Boeing,737-8AS (W),48c122,RYR3HF,Poland,2148.84,123.28,2400,7584,17.08847069002812,189,0.09041518883612762,2026-08-19 06:25:06,2026-08-19 06:25:16.76746
455,Boeing,737-8AS (W),48c123,RYR65JG,Poland,10972.8,187.42,2400,7584,11.240351438836125,189,0.05947275893564087,2026-08-19 06:25:06,2026-08-19 06:25:16.76746
456,Boeing,737NG 800/W,51009b,BRU941,Belarus,9753.6,199.67,2400,7584,10.550742057728586,189,0.055824032051474,2026-08-19 05:53:00,2026-08-19 06:25:16.76746
457,Airbus,A320 232SL,3444da,VLG77GA,Spain,,10.8,2500,7900,,180,,2026-08-19 06:25:05,2026-08-19 06:25:16.76746
458,Airbus,A320 214SL,3444cf,VLG30CZ,Spain,,0.32,2500,7900,,180,,2026-08-19 06:22:54,2026-08-19 06:25:16.76746
459,Airbus,A320 214,3444c8,VOE9BA,Spain,10233.66,235.96,2500,7900,9.300069691661486,180,0.05166705384256381,2026-08-19 06:25:06,2026-08-19 06:25:16.76746
460,Airbus,A320 214SL,3444c9,VLG7YJ,Spain,11277.6,200.87,2500,7900,10.924699778187108,180,0.06069277654548393,2026-08-19 06:25:05,2026-08-19 06:25:16.76746
461,Boeing,Boeing 777-FDZ,06a1e6,QTR8142,Qatar,5120.64,189.91,7500,23700,34.665543327541116,350,0.09904440950726033,2026-08-19 06:25:06,2026-08-19 06:25:16.76746
462,Airbus,A320 251NSL,4bb849,PGT24RN,Turkey,3566.16,147.18,2500,7900,14.90993643460011,180,0.08283298019222284,2026-08-19 06:25:07,2026-08-19 06:25:16.76746
463,Airbus,A320 271NSL,3c65c1,DLH9VV,Germany,,7.2,2500,7900,,180,,2026-08-19 06:25:06,2026-08-19 06:25:16.76746
464,Airbus,Airbus A320 251NSL,4bb844,PGT907H,Turkey,10972.8,210.56,2500,7900,10.421943600135089,180,0.05789968666741716,2026-08-19 06:25:07,2026-08-19 06:25:16.76746
465,Airbus,A320 251NSL,4bb842,PGT96TZ,Turkey,10972.8,211.26,2500,7900,10.387410983832456,180,0.057707838799069204,2026-08-19 06:25:06,2026-08-19 06:25:16.76746
466,Airbus,A320 251NSL,4bb843,PGT820D,Turkey,9448.8,200.61,2500,7900,10.93885870317753,180,0.060771437239875166,2026-08-19 06:25:06,2026-08-19 06:25:16.76746
467,Airbus,A320 251NSL,4bb84a,PGT1639,Turkey,10888.98,186.71,2500,7900,11.753223953963067,180,0.06529568863312815,2026-08-19 06:25:06,2026-08-19 06:25:16.76746
468,Airbus,A320 214,343386,VLG82WH,Spain,3368.04,170.02,2500,7900,12.906978263995086,180,0.0717054347999727,2026-08-19 06:25:05,2026-08-19 06:25:16.76746
469,Airbus,A321 231SL,34469a,VLG60TZ,Spain,10066.02,229.62,2700,8532,10.321400574862816,220,0.046915457158467344,2026-08-19 06:25:06,2026-08-19 06:25:16.76746
470,Airbus,A330-343 (Airbus),c053f6,ACA824,Canada,7810.5,238.87,5000,15800,18.37354581525051,280,0.06561980648303753,2026-08-19 06:25:06,2026-08-19 06:25:16.76746
471,Airbus,A320 232SL,344696,VLG6614,Spain,10972.8,241.2,2500,7900,9.098028376635343,180,0.050544602092418574,2026-08-19 06:25:06,2026-08-19 06:25:16.76746
472,Airbus,A321 231SL,344699,VLG29AJ,Spain,10363.2,249.15,2700,8532,9.512341962673087,220,0.0432379180121504,2026-08-19 06:25:06,2026-08-19 06:25:16.76746
473,Airbus,A320 232SL,344693,VLG42CT,Spain,10972.8,239.22,2500,7900,9.173331847021338,180,0.0509629547056741,2026-08-19 06:25:07,2026-08-19 06:25:16.76746
474,Airbus,A320 232SL,344694,VLG4JU,Spain,5181.6,198.98,2500,7900,11.028467405992785,180,0.06126926336662659,2026-08-19 06:25:06,2026-08-19 06:25:16.76746
475,Airbus,A320 232SL,344695,VLG676Z,Spain,10355.58,242.6,2500,7900,9.045525327470918,180,0.050252918485949545,2026-08-19 06:25:06,2026-08-19 06:25:16.76746
476,Airbus,A320 232SL,344691,VLG15DF,Spain,11170.92,217.06,2500,7900,10.109851858677068,180,0.056165843659317045,2026-08-19 06:25:06,2026-08-19 06:25:16.76746
477,Airbus,A320-214,4402f1,EJU93WU,Austria,10668,239.42,2500,7900,9.16566888499058,180,0.05092038269439211,2026-08-19 06:25:06,2026-08-19 06:25:16.76746
478,Airbus,A320-251N,4bb873,PGT558Q,Turkey,11582.4,196.87,2500,7900,11.146667569687835,180,0.0619259309427102,2026-08-19 06:25:06,2026-08-19 06:25:16.76746
479,Airbus,A320 232SL,344645,VLG99GC,Spain,10363.2,239.72,2500,7900,9.154198416671303,180,0.05085665787039613,2026-08-19 06:25:06,2026-08-19 06:25:16.76746
480,Airbus,A320 214SL,344648,IBE06ZZ,Spain,10668,209.22,2500,7900,10.488693453993138,180,0.05827051918885077,2026-08-19 06:25:06,2026-08-19 06:25:16.76746
481,Airbus,A320 232SL,344644,VLG8354,Spain,6195.06,197.24,2500,7900,11.12575767818112,180,0.061809764878784,2026-08-19 06:25:06,2026-08-19 06:25:16.76746
482,Boeing,737NG 8JP/W,47a097,NOZ32A,Norway,10972.8,182.28,2400,7584,11.557311096481603,189,0.061149794161278324,2026-08-19 06:25:05,2026-08-19 06:25:16.76746
483,Boeing,BOEING 737-8K5,406a62,EXS16D,United Kingdom,11277.6,221.8,2400,7584,9.4980462879471,189,0.05025421316374127,2026-08-19 06:25:06,2026-08-19 06:25:16.76746
484,Boeing,Boeing 737-700,48c26c,RYS7104,Poland,502.92,69.31,2400,7584,30.394844418794783,189,0.16081928263912584,2026-08-19 06:20:46,2026-08-19 06:25:16.76746
485,Airbus,A350 1041,06a11d,QTR119,Qatar,11582.4,238.73,5700,18012,20.95812563705162,325,0.0644865404216973,2026-08-19 06:25:07,2026-08-19 06:25:16.76746
486,Airbus,A380 861,06a147,QTR36L,Qatar,1272.54,90.81,11500,36340,111.16005334703716,525,0.21173343494673746,2026-08-19 06:25:06,2026-08-19 06:25:16.76746
487,Boeing,Boeing 777-FDZ,06a141,QTR8158,Qatar,10797.54,290.87,7500,23700,22.63324967625858,350,0.06466642764645308,2026-08-19 06:25:06,2026-08-19 06:25:16.76746
488,Boeing,B737-800,48c22e,RYS5087,Poland,11277.6,267.8,2400,7584,7.86656708986806,189,0.04162204809454,2026-08-19 06:25:06,2026-08-19 06:25:16.76746
489,Airbus,AIRBUS A320-214,406a93,EZY83PE,United Kingdom,8427.72,196.32,2500,7900,11.177895499411392,180,0.0620994194411744,2026-08-19 06:25:06,2026-08-19 06:25:16.76746
490,Boeing,737-8AS,48c229,RYR70CR,Poland,3977.64,182.69,2400,7584,11.531373729633076,189,0.06101255941604802,2026-08-19 06:25:06,2026-08-19 06:25:16.76746
491,Boeing,737-800WL,48c225,RYR2HE,Poland,11277.6,221.79,2400,7584,9.49847453296662,189,0.0502564790104054,2026-08-19 06:25:06,2026-08-19 06:25:16.76746
492,Airbus,A330-223,abbb2c,DAL258,United States,9616.44,270.17,5000,15800,16.244915752633116,280,0.05801755625940398,2026-08-19 06:25:06,2026-08-19 06:25:16.76746
493,Airbus,A320 214SL,3445d4,IBE06TG,Spain,,3.09,2500,7900,,180,,2026-08-19 06:24:06,2026-08-19 06:25:16.76746
494,Airbus,A320 214,440549,AUA45J,Austria,11277.6,215.36,2500,7900,10.189656595674426,180,0.05660920330930237,2026-08-19 06:25:06,2026-08-19 06:25:16.76746
495,Boeing,777-223,aa28f2,AAL192,United States,12192,245.25,7500,23700,26.84335711858648,350,0.07669530605310422,2026-08-19 06:25:06,2026-08-19 06:25:16.76746
496,Airbus,A320-271N,3c65d2,DLH1ML,Germany,,0,2500,7900,,180,,2026-08-19 06:24:23,2026-08-19 06:25:16.76746
497,Airbus,A320-271N,4b1812,SWR89T,Switzerland,7886.7,231.8,2500,7900,9.466973444540312,180,0.05259429691411284,2026-08-19 06:22:41,2026-08-19 06:25:16.76746
498,Boeing,777-222,a1d8fd,UAL880,United States,243.84,67.39,7500,23700,97.69006281842013,350,0.2791144651954861,2026-08-19 06:25:06,2026-08-19 06:25:16.76746
499,Airbus,A320 251N ,4952c1,TAP830,Portugal,9144,233.94,2500,7900,9.380372935130566,180,0.05211318297294759,2026-08-19 06:25:06,2026-08-19 06:25:16.76746
500,Airbus,A320 251N ,4952c2,TAP945,Portugal,2438.4,123.78,2500,7900,17.72858656038491,180,0.09849214755769395,2026-08-19 06:25:06,2026-08-19 06:25:16.76746
501,Airbus,A321 231,3c6669,DLH78H,Germany,2865.12,179.79,2700,8532,13.182045720006673,220,0.05991838963639397,2026-08-19 06:25:06,2026-08-19 06:25:16.76746
502,Airbus,A321 231,3c6668,DLH035,Germany,,11.83,2700,8532,,220,,2026-08-19 06:25:00,2026-08-19 06:25:16.76746
503,Airbus,A321 131,3c664e,DLH9LL,Germany,9128.76,230.51,2700,8532,10.281549607392304,220,0.04673431639723774,2026-08-19 06:25:06,2026-08-19 06:25:16.76746
504,Airbus,A321 231,3c6662,DLH5KW,Germany,4480.56,173.74,2700,8532,13.641072867503164,220,0.062004876670468924,2026-08-19 06:25:06,2026-08-19 06:25:16.76746
505,Airbus,A321 231,3c6677,DLH06E,Germany,10363.2,247.3,2700,8532,9.583501819652243,220,0.043561371907510194,2026-08-19 06:25:06,2026-08-19 06:25:16.76746
506,Airbus,A321 231,3c6672,DLH9PL,Germany,1089.66,91.52,2700,8532,25.895979020979023,220,0.11770899554990465,2026-08-19 06:25:06,2026-08-19 06:25:16.76746
507,Boeing,737NG 8BK/W,48cb15,TVS2MN,Poland,4191,197.03,2400,7584,10.692111184422,189,0.05657201684879365,2026-08-19 06:25:06,2026-08-19 06:25:16.76746
508,Airbus,A321 231,3c666f,DLH1457,Germany,,1.03,2700,8532,,220,,2026-08-19 06:24:47,2026-08-19 06:25:16.76746
509,Airbus,A380 841,3c65a3,DLH481,Germany,11887.2,279.06,11500,36340,36.17302531514529,525,0.06890100060027674,2026-08-19 06:25:06,2026-08-19 06:25:16.76746
510,Airbus,A380 841,3c65a8,DLH425,Germany,11887.2,277.66,11500,36340,36.35541469583103,525,0.06924840894444005,2026-08-19 06:25:06,2026-08-19 06:25:16.76746
511,Airbus,A330-343,4b187b,SWR23A,Switzerland,12496.8,252.01,5000,15800,17.415534656913966,280,0.06219833806040702,2026-08-19 06:25:06,2026-08-19 06:25:16.76746
512,Airbus,A330-343,4b187d,SWR15X,Switzerland,11887.2,277.46,5000,15800,15.818095901711558,280,0.05649319964896985,2026-08-19 06:25:06,2026-08-19 06:25:16.76746
513,Airbus,A330-343,4b187a,SWR2K,Switzerland,12496.8,271.13,5000,15800,16.18739677973256,280,0.057812131356187714,2026-08-19 06:25:06,2026-08-19 06:25:16.76746
514,Airbus,A320 271NSL,3c65c3,DLH800,Germany,11887.2,250.15,2500,7900,8.772514269216247,180,0.0487361903845347,2026-08-19 06:25:06,2026-08-19 06:25:16.76746
515,Airbus,A320 271NSL,3c65c2,DLH2UP,Germany,2133.6,141.86,2500,7900,15.469085326691415,180,0.08593936292606341,2026-08-19 06:25:06,2026-08-19 06:25:16.76746
516,Airbus,A320 271NSL,3c65c8,DLH6PW,Germany,11582.4,196.29,2500,7900,11.179603874086528,180,0.06210891041159182,2026-08-19 06:25:07,2026-08-19 06:25:16.76746
517,Airbus,A320-271N,3c65cb,DLH9MR,Germany,11894.82,260.22,2500,7900,8.43303529492139,180,0.04685019608289662,2026-08-19 06:25:06,2026-08-19 06:25:16.76746
518,Airbus,A320-271N,3c65ca,DLH867,Germany,,10.29,2500,7900,,180,,2026-08-19 06:24:59,2026-08-19 06:25:16.76746
519,Boeing,737-7K2,4a09b2,AEZ300Z,Romania,3276.6,165.35,2400,7584,12.7406511440379,189,0.06741085261395714,2026-08-19 06:25:05,2026-08-19 06:25:16.76746
520,Airbus,A320-271N,3c65da,DLH6CH,Germany,670.56,80.08,2500,7900,27.4031524031524,180,0.15223973557306889,2026-08-19 06:25:06,2026-08-19 06:25:16.76746
521,Airbus,A320 214,3c6744,DLH7JW,Germany,,8.23,2500,7900,,180,,2026-08-19 06:24:58,2026-08-19 06:25:16.76746
522,Airbus,A320 214,3c6743,DLH8J,Germany,7002.78,260.62,2500,7900,8.420092258631128,180,0.046778290325728486,2026-08-19 06:25:06,2026-08-19 06:25:16.76746
523,Airbus,A320 214,3c6749,DLH207,Germany,2827.02,153.57,2500,7900,14.289538610695088,180,0.0793863256149727,2026-08-19 06:25:06,2026-08-19 06:25:16.76746
524,Airbus,A320 214,3c6748,DLH4EF,Germany,8648.7,228.33,2500,7900,9.610845900426769,180,0.053393588335704276,2026-08-19 06:25:07,2026-08-19 06:25:16.76746
525,Airbus,A320 214,3c6747,DLH965,Germany,11209.02,251.18,2500,7900,8.736541302828428,180,0.04853634057126904,2026-08-19 06:25:06,2026-08-19 06:25:16.76746
526,Airbus,A320 214,3c6742,DLH4HK,Germany,9494.52,249.89,2500,7900,8.781641700125833,180,0.04878689833403241,2026-08-19 06:25:05,2026-08-19 06:25:16.76746
527,Airbus,Airbus A320 214SL,3c6758,DLH8CK,Germany,7909.56,207.24,2500,7900,10.58890390100581,180,0.05882724389447672,2026-08-19 06:25:06,2026-08-19 06:25:16.76746
528,Airbus,A320 214SL,3c6752,DLH5A,Germany,5082.54,206.92,2500,7900,10.605279549799173,180,0.058918219721106516,2026-08-19 06:25:06,2026-08-19 06:25:16.76746
529,Airbus,A320 214SL,3c6750,DLH96V,Germany,10896.6,245.87,2500,7900,8.925222452696321,180,0.04958456918164623,2026-08-19 06:25:07,2026-08-19 06:25:16.76746
530,Airbus,Airbus A320 214SL,3c675a,DLH7VT,Germany,144.78,4.63,2500,7900,,180,,2026-08-19 06:21:04,2026-08-19 06:25:16.76746
531,Airbus,A320 214,3c674f,DLH243,Germany,1577.34,135.35,2500,7900,16.21311004391906,180,0.0900728335773281,2026-08-19 06:25:06,2026-08-19 06:25:16.76746
532,Airbus,A320 214,3c674e,DLH7KK,Germany,2255.52,123.44,2500,7900,17.777417728811116,180,0.09876343182672842,2026-08-19 06:25:06,2026-08-19 06:25:16.76746
533,Airbus,A350 941,3c6702,DAIXB,Germany,,0,5700,18012,,325,,2026-08-19 05:54:07,2026-08-19 06:25:16.76746
534,Airbus,Airbus A350-941 ,3c6703,DLH491,Germany,11300.46,271.12,5700,18012,18.454312973345136,325,0.056782501456446574,2026-08-19 06:25:06,2026-08-19 06:25:16.76746
535,Airbus,A320-214,440cb1,EJU823K,Austria,373.38,73.48,2500,7900,29.864513397447528,180,0.16591396331915292,2026-08-19 06:25:06,2026-08-19 06:25:16.76746
536,Airbus,AIRBUS A319-131,4008ad,SHT9X,United Kingdom,,1.29,2300,7268,,140,,2026-08-19 06:24:57,2026-08-19 06:25:16.76746
537,Airbus,AIRBUS A319-131,4008ae,BAW428,United Kingdom,6568.44,236.99,2300,7268,8.518877964846148,140,0.060849128320329626,2026-08-19 06:25:06,2026-08-19 06:25:16.76746
538,Airbus,AIRBUS A319-131,4008b3,BAW850T,United Kingdom,11887.2,265.97,2300,7268,7.590663942884118,140,0.054219028163457986,2026-08-19 06:25:06,2026-08-19 06:25:16.76746
539,Airbus,A380-842,7c4927,QFA1,Australia,12192,213.34,11500,36340,47.31622970115517,525,0.09012615181172413,2026-08-19 06:25:05,2026-08-19 06:25:16.76746
540,Airbus,A320 214,4951cc,TAP647,Portugal,3954.78,145.88,2500,7900,15.042805349907077,180,0.0835711408328171,2026-08-19 06:25:07,2026-08-19 06:25:16.76746
541,Airbus,A320 214,4951cd,TAP9RH,Portugal,11269.98,218.65,2500,7900,10.036334070178114,180,0.05575741150098952,2026-08-19 06:25:06,2026-08-19 06:25:16.76746
542,Airbus,A320 214,4951ce,TAP575,Portugal,11285.22,218.74,2500,7900,10.0322046468156,180,0.05573447026008667,2026-08-19 06:25:06,2026-08-19 06:25:16.76746
543,Airbus,A319 114,3c6589,DLH8RX,Germany,,12.35,2300,7268,,140,,2026-08-19 06:24:58,2026-08-19 06:25:16.76746
544,Airbus,Airbus A319 114,3c6581,DLH07W,Germany,6324.6,177.06,2300,7268,11.402286732683207,140,0.08144490523345148,2026-08-19 06:25:06,2026-08-19 06:25:16.76746
545,Airbus,A319 114,3c6588,DLH6TR,Germany,5364.48,209.86,2300,7268,9.620170060463588,140,0.06871550043188276,2026-08-19 06:25:06,2026-08-19 06:25:16.76746
546,Airbus,A319 114,3c658b,DLH3FF,Germany,3634.74,149.67,2300,7268,13.488934916074623,140,0.09634953511481874,2026-08-19 06:25:07,2026-08-19 06:25:16.76746
547,Airbus,A320 214,02a1a1,LBT774,Tunisia,10972.8,244.79,2500,7900,8.964600042666957,180,0.049803333570371984,2026-08-19 06:25:05,2026-08-19 06:25:16.76746
548,Airbus,A320 232,4690e5,AEE353,Greece,,0.06,2500,7900,,180,,2026-08-19 06:23:04,2026-08-19 06:25:16.76746
549,Airbus,A320 232,4690e4,AEE7DB,Greece,11590.02,209.21,2500,7900,10.489194801608166,180,0.0582733044533787,2026-08-19 06:25:06,2026-08-19 06:25:16.76746
550,Airbus,A321 231,4690e1,AEE970,Greece,10256.52,218.23,2700,8532,10.86010172753517,220,0.0493640987615235,2026-08-19 06:25:07,2026-08-19 06:25:16.76746
551,Airbus,A320-271N,3c6543,LHX9H,Germany,2697.48,193.49,2500,7900,11.341384280554262,180,0.06300769044752368,2026-08-19 06:25:06,2026-08-19 06:25:16.76746
552,Airbus,A320 232,4690ea,AEE9SF,Greece,9441.18,214.02,2500,7900,10.253455024971704,180,0.056963639027620576,2026-08-19 06:25:06,2026-08-19 06:25:16.76746
553,Airbus,A330 343E,3c656f,OCN659,Germany,3208.02,189.77,5000,15800,23.12741154496964,280,0.08259789837489157,2026-08-19 06:25:06,2026-08-19 06:25:16.76746
554,Airbus,A321-271NX,3c64a1,DLH683,Germany,10363.2,224.89,2700,8532,10.5384854817911,220,0.047902206735414087,2026-08-19 06:25:06,2026-08-19 06:25:16.76746
555,Airbus,A321-271NX,3c64a6,DLH3RJ,Germany,6408.42,184.68,2700,8532,12.833008447043534,220,0.05833185657747061,2026-08-19 06:25:06,2026-08-19 06:25:16.76746
556,Boeing,737NG 8D6/W,0a008c,DAH1009,Algeria,10668,216.39,2400,7584,9.735508418442011,189,0.05151062655260323,2026-08-19 06:25:07,2026-08-19 06:25:16.76746
557,Boeing,737NG 7D6C/W,0a0093,DAH5011,Algeria,5143.5,226.4,2400,7584,9.305064782096583,189,0.049233146995220016,2026-08-19 06:20:08,2026-08-19 06:25:16.76746
558,Airbus,A320 214,02a1b0,LBT7033,Tunisia,7551.42,232.07,2500,7900,9.455959169407699,180,0.052533106496709434,2026-08-19 06:25:06,2026-08-19 06:25:16.76746
559,Boeing,777-223,aa4548,AAL112,United States,2743.2,155.9,7500,23700,42.22792388283087,350,0.12065121109380249,2026-08-19 06:25:06,2026-08-19 06:25:16.76746
560,Airbus,A321-271NX,a4bef6,JBU345,United States,10370.82,240.13,2700,8532,9.869653937450549,220,0.04486206335204795,2026-08-19 06:25:06,2026-08-19 06:25:16.76746
561,Airbus,A320 216,39e4ac,AFR1446,France,5021.58,231.97,2500,7900,9.460035540994285,180,0.05255575300552381,2026-08-19 06:25:06,2026-08-19 06:25:16.76746
562,Boeing,737-800,4a08ec,ROT301V,Romania,10363.2,190.18,2400,7584,11.077225085007186,189,0.05860965653442955,2026-08-19 06:25:06,2026-08-19 06:25:16.76746
563,Boeing,737-800,4a08ed,ROT361U,Romania,10043.16,186.8,2400,7584,11.277658815132048,189,0.059670152461016125,2026-08-19 06:25:06,2026-08-19 06:25:16.76746
564,Airbus,A320 211,3c6637,DLH174,Germany,5608.32,201.38,2500,7900,10.897032696615575,180,0.0605390705367532,2026-08-19 06:25:07,2026-08-19 06:25:16.76746
565,Airbus,A320-214,4b15ed,EDW370L,Switzerland,11277.6,237.59,2500,7900,9.236266023167827,180,0.05131258901759904,2026-08-19 06:25:07,2026-08-19 06:25:16.76746
566,Airbus,A320-214,4b15ee,EDW752X,Switzerland,3886.2,165.73,2500,7900,13.241081544949283,180,0.07356156413860714,2026-08-19 06:25:06,2026-08-19 06:25:16.76746
567,Airbus,A320-214,4b15ef,EDW336H,Switzerland,10668,240.77,2500,7900,9.114276880194561,180,0.05063487155663645,2026-08-19 06:25:06,2026-08-19 06:25:16.76746
568,Airbus,A321 131,3c6658,DLH5LX,Germany,,12.86,2700,8532,,220,,2026-08-19 06:25:03,2026-08-19 06:25:16.76746
569,Airbus,A321 131,3c664c,DLH77P,Germany,5021.58,210.88,2700,8532,11.238619119878605,220,0.05108463236308457,2026-08-19 06:25:06,2026-08-19 06:25:16.76746
570,Airbus,A321 131,3c6654,DLH04C,Germany,5882.64,214.84,2700,8532,11.031465276484827,220,0.05014302398402194,2026-08-19 06:25:06,2026-08-19 06:25:16.76746
571,Airbus,A321 131,3c6652,DLH1YN,Germany,5196.84,199.51,2700,8532,11.879103804320586,220,0.05399592638327539,2026-08-19 06:25:06,2026-08-19 06:25:16.76746
572,Airbus,AIRBUS A320-232,4009db,BAW445,United Kingdom,3947.16,104.65,2500,7900,20.96936879545575,180,0.1164964933080875,2026-08-19 06:25:06,2026-08-19 06:25:16.76746
573,Airbus,AIRBUS A319-131,400879,SHT2V,United Kingdom,5486.4,185.44,2300,7268,10.887019461221358,140,0.0777644247230097,2026-08-19 06:25:05,2026-08-19 06:25:16.76746
574,Airbus,AIRBUS A319-131,400877,BAW7GV,United Kingdom,8846.82,226.99,2300,7268,8.894175465390056,140,0.06352982475278611,2026-08-19 06:25:06,2026-08-19 06:25:16.76746
575,Airbus,A320 212,3c6467,CFG7EJ,Germany,5265.42,195.42,2500,7900,11.22937490760641,180,0.06238541615336894,2026-08-19 06:25:06,2026-08-19 06:25:16.76746
576,Airbus,A320 251NSL,4a91fa,SAS2862,Sweden,,5.66,2500,7900,,180,,2026-08-19 06:25:02,2026-08-19 06:25:16.76746
577,Airbus,A321 231,3c6485,DLH2EW,Germany,6941.82,234.99,2700,8532,10.085535554704455,220,0.045843343430474796,2026-08-19 06:25:06,2026-08-19 06:25:16.76746
578,Airbus,A321 231,3c6484,DLH2TY,Germany,2423.16,132.43,2700,8532,17.896247073925846,220,0.08134657760875384,2026-08-19 06:25:06,2026-08-19 06:25:16.76746
579,Airbus,A321 231,3c6482,DLH85N,Germany,3185.16,190.48,2700,8532,12.442251154976901,220,0.05655568706807682,2026-08-19 06:25:06,2026-08-19 06:25:16.76746
580,Airbus,A321 231,3c6487,DLH5TT,Germany,129.54,71.95,2700,8532,32.939541348158436,220,0.1497251879461747,2026-08-19 06:24:38,2026-08-19 06:25:16.76746
581,Airbus,A321 231,3c648e,DLH3VV,Germany,10363.2,195.03,2700,8532,12.151976618981694,220,0.0552362573590077,2026-08-19 06:25:06,2026-08-19 06:25:16.76746
582,Airbus,A321 231,3c648c,DLH99Y,Germany,5158.74,208.81,2700,8532,11.350031128777358,220,0.05159105058535163,2026-08-19 06:25:06,2026-08-19 06:25:16.76746
583,Airbus,Airbus A321 231,3c648f,EWG25P,Germany,10675.62,228.59,2700,8532,10.36790760750689,220,0.04712685276139495,2026-08-19 06:25:06,2026-08-19 06:25:16.76746
584,Airbus,A321 231,3c6491,EWG80V,Germany,10675.62,259.79,2700,8532,9.122752992801876,220,0.04146705905819035,2026-08-19 06:25:06,2026-08-19 06:25:16.76746
585,Airbus,A321 231,3c6490,EWG2FC,Germany,11277.6,237.03,2700,8532,9.998734337425642,220,0.045448792442843826,2026-08-19 06:25:07,2026-08-19 06:25:16.76746
586,Airbus,A321 231,3c6495,EWG15M,Germany,10660.38,268.62,2700,8532,8.822872459236095,220,0.04010396572380043,2026-08-19 06:25:06,2026-08-19 06:25:16.76746
587,Airbus,A321-231,3c6494,EWG3HM,Germany,3779.52,163.93,2700,8532,14.457390349539438,220,0.06571541067972472,2026-08-19 06:25:07,2026-08-19 06:25:16.76746
588,Airbus,A321 231,3c6498,DLH4AN,Germany,,2.57,2700,8532,,220,,2026-08-19 06:21:58,2026-08-19 06:25:16.76746
589,Airbus,A321 211SL,3c6426,CFG1DY,Germany,11513.82,229.53,2700,8532,10.32544765390145,220,0.046933852972279325,2026-08-19 06:25:06,2026-08-19 06:25:16.76746
590,Airbus,A320-214,4b1618,SWR4PC,Switzerland,6949.44,238.38,2500,7900,9.20565670125197,180,0.05114253722917761,2026-08-19 06:25:06,2026-08-19 06:25:16.76746
591,Airbus,A320-214,4b1615,SWR8GL,Switzerland,10058.4,259.77,2500,7900,8.447643855889613,180,0.04693135475494229,2026-08-19 06:25:06,2026-08-19 06:25:16.76746
592,Airbus,A321 111,440c8c,AUA991B,Austria,11567.16,189.83,2700,8532,12.484854870146973,220,0.05674934031884988,2026-08-19 06:25:06,2026-08-19 06:25:16.76746
593,Airbus,A321 111,440c8d,AUA40Y,Austria,10668,221.32,2700,8532,10.708476414241822,220,0.04867489279200828,2026-08-19 06:25:06,2026-08-19 06:25:16.76746
594,Airbus,A319 112,3c6447,DLH5HV,Germany,457.2,65.79,2300,7268,30.68686561618618,140,0.2191918972584727,2026-08-19 06:20:51,2026-08-19 06:25:16.76746
595,Airbus,A320-214,4b161f,EDW346M,Switzerland,10668,254.9,2500,7900,8.609040582363454,180,0.04782800323535252,2026-08-19 06:25:06,2026-08-19 06:25:16.76746
596,Airbus,A320-214,4b161b,SWR915W,Switzerland,,5.92,2500,7900,,180,,2026-08-19 06:20:24,2026-08-19 06:25:16.76746
597,Airbus,A319 112,3c6444,DLH3PK,Germany,11574.78,216.28,2300,7268,9.334607401927542,140,0.0666757671566253,2026-08-19 06:25:06,2026-08-19 06:25:16.76746
598,Airbus,A320-214,4b161e,EDW21PL,Switzerland,11277.6,215.19,2500,7900,10.197706419649819,180,0.056653924553610104,2026-08-19 06:25:06,2026-08-19 06:25:16.76746
599,Airbus,Airbus A319 112,3c6442,DLH2NM,Germany,7315.2,187.29,2300,7268,10.77948042548395,140,0.07699628875345678,2026-08-19 06:25:06,2026-08-19 06:25:16.76746
600,Airbus,AIRBUS A319-131,40087a,BAW823,United Kingdom,11582.4,182.08,2300,7268,11.087922280804529,140,0.07919944486288949,2026-08-19 06:25:06,2026-08-19 06:25:16.76746
601,Airbus,A321-111,4b1693,SWR5XL,Switzerland,,5.92,2700,8532,,220,,2026-08-19 06:25:06,2026-08-19 06:25:16.76746
602,Airbus,A321 251N,49514c,TAP675,Portugal,11887.2,213,2700,8532,11.12676056338028,220,0.05057618437900127,2026-08-19 06:25:06,2026-08-19 06:25:16.76746
603,Airbus,A321 251N,49514b,TAP757P,Portugal,11894.82,225.57,2700,8532,10.506716318659397,220,0.047757801448451806,2026-08-19 06:25:06,2026-08-19 06:25:16.76746
604,Airbus,A321 211,495145,TAP98CX,Portugal,1272.54,90.44,2700,8532,26.205218929677134,220,0.11911463149853242,2026-08-19 06:25:05,2026-08-19 06:25:16.76746
605,Airbus,AIRBUS A319-131,400804,BAW785,United Kingdom,9814.56,234.81,2300,7268,8.597968097137638,140,0.061414057836697414,2026-08-19 06:25:06,2026-08-19 06:25:16.76746
606,Boeing,BOEING 777-236,4006c1,BAW2256,United Kingdom,99.06,73.77,7500,23700,89.24133568297863,350,0.25497524480851036,2026-08-19 06:25:06,2026-08-19 06:25:16.76746
607,Boeing,787-10,a0a54a,UAL987,United States,11574.78,281.54,5500,17380,17.147750862320727,290,0.059130175387312855,2026-08-19 06:25:06,2026-08-19 06:25:16.76746
608,Airbus,A330 203,484443,KLM676,Kingdom of the Netherlands,11887.2,266.65,5000,15800,16.459362043461052,280,0.058783435869503756,2026-08-19 06:25:06,2026-08-19 06:25:16.76746
609,Boeing,737NG 8BK/W,484442,KLM934,Kingdom of the Netherlands,,2.83,2400,7584,,189,,2026-08-19 06:23:45,2026-08-19 06:25:16.76746
610,Airbus,A320 214,3991e4,AFR52QU,France,1257.3,92.59,2500,7900,23.70066361858132,180,0.1316703534365629,2026-08-19 06:25:04,2026-08-19 06:25:16.76746
611,Airbus,A320 214,3991e3,AFR18LZ,France,8206.74,239.14,2500,7900,9.176400620742847,180,0.05098000344857137,2026-08-19 06:25:07,2026-08-19 06:25:16.76746
612,Airbus,A320 214SL,3991e5,AFR86YY,France,1249.68,91.34,2500,7900,24.025010339877866,180,0.13347227966598815,2026-08-19 06:25:05,2026-08-19 06:25:16.76746
613,Airbus,A320 214SL,3991e8,AFR34LY,France,11277.6,240.81,2500,7900,9.112762943583922,180,0.050626460797688455,2026-08-19 06:25:06,2026-08-19 06:25:16.76746
614,Airbus,A320 214SL,3991e7,AFR74NQ,France,11582.4,246.95,2500,7900,8.886189287080155,180,0.04936771826155642,2026-08-19 06:25:05,2026-08-19 06:25:16.76746
615,Airbus,A320 214SL,3991e9,AFR7323,France,556.26,68.14,2500,7900,32.20493754688061,180,0.17891631970489227,2026-08-19 06:25:05,2026-08-19 06:25:16.76746
616,Airbus,A320 251NSL,4a91f8,SAS751,Sweden,6446.52,201.61,2500,7900,10.884601182701475,180,0.06047000657056375,2026-08-19 06:25:06,2026-08-19 06:25:16.76746
617,Airbus,A320 214SL,4951d3,TAP1920,Portugal,7315.2,193.3,2500,7900,11.352532045755014,180,0.06306962247641675,2026-08-19 06:25:06,2026-08-19 06:25:16.76746
618,Airbus,A320 214,4951d5,TAP53EI,Portugal,11887.2,215.01,2500,7900,10.206243637246848,180,0.05670135354026026,2026-08-19 06:25:06,2026-08-19 06:25:16.76746
619,Airbus,A320 214SL,4951d1,,Portugal,,6.94,2500,7900,,180,,2026-08-19 06:24:18,2026-08-19 06:25:16.76746
620,Airbus,AIRBUS A320-232,40097f,SHT19Y,United Kingdom,10668,205.07,2500,7900,10.700953062098037,180,0.05944973923387798,2026-08-19 06:25:07,2026-08-19 06:25:16.76746
621,Airbus,AIRBUS A320-232,400982,BAW926C,United Kingdom,6347.46,247.3,2500,7900,8.8736127959743,180,0.049297848866523886,2026-08-19 06:25:06,2026-08-19 06:25:16.76746
622,Airbus,AIRBUS A320-232,40095d,BAW859,United Kingdom,3429,153.53,2500,7900,14.293261541356378,180,0.07940700856309099,2026-08-19 06:25:07,2026-08-19 06:25:16.76746
623,Boeing,737NG 8K5/W,3c0cb2,TUI82V,Germany,11887.2,230.15,2400,7584,9.153450648128032,189,0.04843095581020123,2026-08-19 06:25:05,2026-08-19 06:25:16.76746
624,Boeing,737NG 8K5/W,3c0caa,TUI50K,Germany,175.26,74.82,2400,7584,28.15646440345719,189,0.1489760021346941,2026-08-19 06:25:05,2026-08-19 06:25:16.76746
625,Airbus,A320 214,392ae2,AFR1896,France,11894.82,218.93,2500,7900,10.023498124717692,180,0.055686100692876064,2026-08-19 06:25:06,2026-08-19 06:25:16.76746
626,Airbus,A320 214,392ae6,AFR27HE,France,4777.74,225.97,2500,7900,9.711220270144022,180,0.05395122372302234,2026-08-19 06:25:06,2026-08-19 06:25:16.76746
627,Airbus,A320 214,392af3,AFR62PQ,France,2354.58,149.85,2500,7900,14.644273903533161,180,0.0813570772418509,2026-08-19 06:25:06,2026-08-19 06:25:16.76746
628,Airbus,A320 214,392af4,AFR1084,France,11887.2,213.23,2500,7900,10.291443251158114,180,0.05717468472865619,2026-08-19 06:25:06,2026-08-19 06:25:16.76746
629,Airbus,A320 214,392af5,AFR4001,France,11269.98,247.71,2500,7900,8.858925535684648,180,0.049216252976025825,2026-08-19 06:25:07,2026-08-19 06:25:16.76746
630,Airbus,A320 214,392af9,AFR1055,France,10980.42,244.7,2500,7900,8.96789719838351,180,0.04982165110213061,2026-08-19 06:25:06,2026-08-19 06:25:16.76746
631,Airbus,Airbus A320 214,392aeb,AFR51JG,France,220.98,70.12,2500,7900,31.295556823223677,180,0.17386420457346488,2026-08-19 06:22:40,2026-08-19 06:25:16.76746
632,Airbus,A320 214,392aec,AFR41ZX,France,10363.2,263.85,2500,7900,8.317015139073126,180,0.04620563966151737,2026-08-19 06:25:06,2026-08-19 06:25:16.76746
633,Airbus,A320 214,392aef,AFR93YT,France,7703.82,226.79,2500,7900,9.676107608115192,180,0.053756153378417736,2026-08-19 06:25:06,2026-08-19 06:25:16.76746
634,Airbus,A319 112,495292,TAP452,Portugal,9677.4,251.72,2300,7268,8.020375372989388,140,0.05728839552135277,2026-08-19 06:25:06,2026-08-19 06:25:16.76746
635,Airbus,A319 112,495293,TAP86PZ,Portugal,8633.46,213.01,2300,7268,9.477906618885916,140,0.06769933299204225,2026-08-19 06:25:06,2026-08-19 06:25:16.76746
636,Airbus,AIRBUS A320-232,400960,BAW581X,United Kingdom,10972.8,218.23,2500,7900,10.05564974771775,180,0.05586472082065416,2026-08-19 06:25:06,2026-08-19 06:25:16.76746
637,Airbus,AIRBUS A319-131,400935,BAW757A,United Kingdom,4937.76,147.7,2300,7268,13.668848266004664,140,0.09763463047146188,2026-08-19 06:25:05,2026-08-19 06:25:16.76746
638,Boeing,787-10,a0566a,UAL907,United States,11582.4,302.47,5500,17380,15.961178886427671,290,0.055038547884233346,2026-08-19 06:25:06,2026-08-19 06:25:16.76746
639,Boeing,BOEING 777-236,4007f5,BAW248,United Kingdom,2735.58,183.77,7500,23700,35.82376521376358,350,0.10235361489646737,2026-08-19 06:25:06,2026-08-19 06:25:16.76746
640,Boeing,BOEING 777-236,4007f2,BAW2LJ,United Kingdom,,1.8,7500,23700,,350,,2026-08-19 06:25:05,2026-08-19 06:25:16.76746
641,Boeing,737NG 8F2/W,4baac7,THY6ER,Turkey,10972.8,232.69,2400,7584,9.053533313278038,189,0.04790229266284676,2026-08-19 06:25:06,2026-08-19 06:25:16.76746
642,Boeing,737NG 8F2/W,4baac8,THY4TU,Turkey,11582.4,192.58,2400,7584,10.939176792328729,189,0.05787924228745359,2026-08-19 06:25:06,2026-08-19 06:25:16.76746
643,Boeing,737NG 8F2/W,4baad5,THY5SY,Turkey,10668,258.03,2400,7584,8.164425325220583,189,0.04319801759375969,2026-08-19 06:25:06,2026-08-19 06:25:16.76746
644,Boeing,737NG 8F2/W,4baacd,THY90L,Turkey,4914.9,183.25,2400,7584,11.49613460663938,189,0.06082610902983799,2026-08-19 06:20:37,2026-08-19 06:25:16.76746
645,Boeing,737NG 8F2/W,4baacb,THY5WX,Turkey,5646.42,201.69,2400,7584,10.445072470953773,189,0.05526493370875012,2026-08-19 06:25:01,2026-08-19 06:25:16.76746
646,Boeing,737NG 8F2/W,4baad6,THY8YU,Turkey,11887.2,272.37,2400,7584,7.73457673997381,189,0.040923686454887885,2026-08-19 06:25:06,2026-08-19 06:25:16.76746
647,Boeing,737NG 8K2/W,48455a,KLM51L,Kingdom of the Netherlands,12496.8,211.08,2400,7584,9.980418166887752,189,0.05280644532744842,2026-08-19 06:25:06,2026-08-19 06:25:16.76746
648,Boeing,787 9,781060,CHH727,China,7787.64,251.19,5500,17380,19.21962569281332,290,0.06627457135452869,2026-08-19 06:25:06,2026-08-19 06:25:16.76746
649,Boeing,737NG 8K2/W,484555,KLM1970,Kingdom of the Netherlands,3429,182.98,2400,7584,11.513097970634314,189,0.060915862278488435,2026-08-19 06:25:07,2026-08-19 06:25:16.76746
650,Boeing,737NG 8K2/W,484556,KLM23L,Kingdom of the Netherlands,4198.62,174.95,2400,7584,12.041535676860056,189,0.06371182897809553,2026-08-19 06:25:06,2026-08-19 06:25:16.76746
651,Boeing,BOEING 737-8AS,4ca9d3,RYR96EU,Ireland,11582.4,240.11,2400,7584,8.773756472727777,189,0.04642199191919459,2026-08-19 06:25:05,2026-08-19 06:25:16.76746
652,Boeing,BOEING 737-8AS,4ca9d4,RYR1UG,Ireland,10972.8,246.63,2400,7584,8.541810269094054,189,0.045194763328539965,2026-08-19 06:25:06,2026-08-19 06:25:16.76746
653,Boeing,BOEING 737-8AS,4ca9d0,RYR981Y,Ireland,11277.6,279.23,2400,7584,7.544557055712733,189,0.03991829130006737,2026-08-19 06:25:06,2026-08-19 06:25:16.76746
654,Boeing,BOEING 737-8AS,4ca9ed,RYR25ZE,Ireland,10980.42,249.19,2400,7584,8.454057813983974,189,0.044730464624253834,2026-08-19 06:25:06,2026-08-19 06:25:16.76746
655,Boeing,BOEING 737-8AS,4ca9ea,RYR7306,Ireland,2026.92,130.13,2400,7584,16.18893926586234,189,0.08565576331144097,2026-08-19 06:25:06,2026-08-19 06:25:16.76746
656,Boeing,BOEING 737-8AS,4ca9cc,RYR3PP,Ireland,11582.4,247.36,2400,7584,8.516601983613626,189,0.045061386156685854,2026-08-19 06:25:06,2026-08-19 06:25:16.76746
657,Airbus,A320 251NSL,47ba1d,SAS82A,Norway,10637.52,186.37,2500,7900,11.774665688922274,180,0.06541480938290152,2026-08-19 06:25:06,2026-08-19 06:25:16.76746
658,Airbus,A320 251NSL,47ba0d,SAS91A,Norway,10363.2,212.36,2500,7900,10.333605408007365,180,0.05740891893337425,2026-08-19 06:25:05,2026-08-19 06:25:16.76746
659,Boeing,737NG 9F2ER/W,4bab2d,THY9LR,Turkey,1676.4,130.91,2400,7584,16.09248083925343,189,0.08514540126589117,2026-08-19 06:25:05,2026-08-19 06:25:16.76746
660,Boeing,737NG 8K2/W,4841a5,TRA6513,Kingdom of the Netherlands,11277.6,213.48,2400,7584,9.86821560177378,189,0.052212780961766035,2026-08-19 06:25:06,2026-08-19 06:25:16.76746
661,Boeing,737NG 800/W,4bab48,THY8QE,Turkey,10668,275.21,2400,7584,7.6547606070515855,189,0.040501378873288814,2026-08-19 06:25:05,2026-08-19 06:25:16.76746
662,Boeing,737NG 8F2/W,4bab45,THY5CS,Turkey,10972.8,182.26,2400,7584,11.558579318921687,189,0.06115650433291898,2026-08-19 06:25:06,2026-08-19 06:25:16.76746
663,Boeing,777-224,aaba9a,UAL120,United States,11887.2,247.05,7500,23700,26.647777103150506,350,0.07613650600900145,2026-08-19 06:25:06,2026-08-19 06:25:16.76746
664,Boeing,737NG 8F2/W,4baac4,THY8FV,Turkey,2148.84,136.13,2400,7584,15.475403413403855,189,0.08188044134076114,2026-08-19 06:25:06,2026-08-19 06:25:16.76746
665,Boeing,737NG 8F2/W,4baac2,THY1SL,Turkey,10972.8,174.1,2400,7584,12.100325483438636,189,0.06402288615575998,2026-08-19 06:25:06,2026-08-19 06:25:16.76746
666,Boeing,BOEING 737-8AS,4ca97b,RYR4UU,Ireland,10972.8,245.65,2400,7584,8.575887102245742,189,0.04537506403304625,2026-08-19 06:25:05,2026-08-19 06:25:16.76746
667,Boeing,BOEING 737-8AS,4ca97c,RYR42CL,Ireland,10972.8,244.29,2400,7584,8.623630384652122,189,0.04562767399286837,2026-08-19 06:25:06,2026-08-19 06:25:16.76746
668,Boeing,737NG 8K5/W,3c0ca3,TUI61X,Germany,6537.96,167.53,2400,7584,12.574862213732862,189,0.06653366250652308,2026-08-19 06:25:06,2026-08-19 06:25:16.76746
669,Boeing,737NG 9F2ER/W,4bab21,THY639,Turkey,10363.2,250.36,2400,7584,8.414549715076955,189,0.044521427063899235,2026-08-19 06:24:38,2026-08-19 06:25:16.76746
670,Boeing,737NG 9F2ER/W,4bab22,THY849,Turkey,1668.78,127.15,2400,7584,16.56835758290733,189,0.0876632676344303,2026-08-19 06:23:17,2026-08-19 06:25:16.76746
671,Boeing,BOEING 737-8AS,4ca8e7,RYR73XD,Ireland,11277.6,275.91,2400,7584,7.63534002633709,189,0.04039862447797402,2026-08-19 06:25:06,2026-08-19 06:25:16.76746
672,Boeing,BOEING 737-8AS,4ca8e4,RYR75XQ,Ireland,,7.2,2400,7584,,189,,2026-08-19 06:20:27,2026-08-19 06:25:16.76746
673,Boeing,BOEING 737-8AS,4ca8e6,RYR24SE,Ireland,8976.36,240.76,2400,7584,8.750069225231213,189,0.04629666256736092,2026-08-19 06:25:05,2026-08-19 06:25:16.76746
674,Boeing,737NG 9F2ER/W,4bab29,THY52U,Turkey,10363.2,212.16,2400,7584,9.929612870789342,189,0.05253763423698064,2026-08-19 06:25:05,2026-08-19 06:25:16.76746
675,Boeing,737NG 9F2ER/W,4bab2a,THY9VT,Turkey,10972.8,197.49,2400,7584,10.667206778402281,189,0.05644024750477398,2026-08-19 06:25:05,2026-08-19 06:25:16.76746
676,Boeing,BOEING 737-8AS,4ca8da,RYR9957,Ireland,9448.8,248.17,2400,7584,8.488804717196546,189,0.044914310672997594,2026-08-19 06:24:58,2026-08-19 06:25:16.76746
677,Boeing,BOEING 737-8AS,4ca8af,RYR1YG,Ireland,10972.8,256.58,2400,7584,8.210564606230676,189,0.04344214077370728,2026-08-19 06:25:06,2026-08-19 06:25:16.76746
678,Boeing,BOEING 737-8AS,4ca8d9,RYR2427,Ireland,7223.76,201.6,2400,7584,10.44973544973545,189,0.05528960555415582,2026-08-19 06:25:06,2026-08-19 06:25:16.76746
679,Boeing,BOEING 737-8AS,4ca8d5,RYR8DY,Ireland,10980.42,230.74,2400,7584,9.130045361301319,189,0.04830711831376359,2026-08-19 06:25:05,2026-08-19 06:25:16.76746
680,Airbus,A320-214,4ca8bd,EIN40G,Ireland,10675.62,242.69,2500,7900,9.042170853535145,180,0.0502342825196397,2026-08-19 06:25:06,2026-08-19 06:25:16.76746
681,Airbus,A321 231,4baa45,THY1EM,Turkey,10355.58,212.83,2700,8532,11.135648169900858,220,0.050616582590458446,2026-08-19 06:25:05,2026-08-19 06:25:16.76746
682,Airbus,A321 231,4baa43,THY1FE,Turkey,6553.2,196.79,2700,8532,12.043294882870065,220,0.0547422494675912,2026-08-19 06:25:06,2026-08-19 06:25:16.76746
683,Airbus,A321 231,4baa41,THY3114,Turkey,9753.6,192.2,2700,8532,12.330905306971905,220,0.05604956957714503,2026-08-19 06:25:06,2026-08-19 06:25:16.76746
684,Airbus,A321 231,4baa47,THY1KB,Turkey,10370.82,204.04,2700,8532,11.615369535385218,220,0.05279713425175099,2026-08-19 06:25:07,2026-08-19 06:25:16.76746
685,Airbus,A321 231,4baa54,THY6XK,Turkey,10355.58,171.55,2700,8532,13.815214223258524,220,0.06279642828753874,2026-08-19 06:25:06,2026-08-19 06:25:16.76746
686,Airbus,A321 231,4baa52,THY9JE,Turkey,9745.98,179.43,2700,8532,13.208493562949338,220,0.06003860710431517,2026-08-19 06:25:06,2026-08-19 06:25:16.76746
687,Airbus,A321 231,4baa4b,THY2AL,Turkey,9753.6,174.32,2700,8532,13.59568609453878,220,0.06179857315699445,2026-08-19 06:25:06,2026-08-19 06:25:16.76746
688,Airbus,A321 231,4baa4c,THY8AV,Turkey,9753.6,180.41,2700,8532,13.136744082922233,220,0.05971247310419197,2026-08-19 06:25:06,2026-08-19 06:25:16.76746
689,Airbus,A321 231,4baa59,THY1JR,Turkey,10363.2,190.18,2700,8532,12.461878220633084,220,0.056644901002877654,2026-08-19 06:25:06,2026-08-19 06:25:16.76746
690,Airbus,A320 232,4baa0d,THY2VU,Turkey,2659.38,139.75,2500,7900,15.702643609620353,180,0.0872369089423353,2026-08-19 06:24:31,2026-08-19 06:25:16.76746
691,Airbus,A320 232,4baa0b,THY3XG,Turkey,1455.42,111.65,2500,7900,19.654674827088616,180,0.1091926379282701,2026-08-19 06:25:06,2026-08-19 06:25:16.76746
692,Boeing,777FHT,ab8b7f,FDX6095,United States,10058.4,263.67,7500,23700,24.96807878535037,350,0.07133736795814392,2026-08-19 06:25:06,2026-08-19 06:25:16.76746
693,Airbus,A321 231SL,4baa88,THY4ZG,Turkey,7094.22,195.57,2700,8532,12.118423071023162,220,0.055083741231923465,2026-08-19 06:25:04,2026-08-19 06:25:16.76746
694,Airbus,A321 231SL,4baa87,THY3PB,Turkey,9144,188.6,2700,8532,12.566277836691409,220,0.05711944471223368,2026-08-19 06:25:06,2026-08-19 06:25:16.76746
695,Airbus,A320 251NSL,47bb0a,SAS46M,Norway,11551.92,246.08,2500,7900,8.917605837306747,180,0.04954225465170415,2026-08-19 06:25:06,2026-08-19 06:25:16.76746
696,Airbus,A321 231SL,4baa8f,THY2LP,Turkey,10363.2,180.07,2700,8532,13.161548286777366,220,0.05982521948535167,2026-08-19 06:25:07,2026-08-19 06:25:16.76746
697,Airbus,A321 231SL,4baa8b,THY9XN,Turkey,10370.82,179.41,2700,8532,13.20996599966557,220,0.060045299998479865,2026-08-19 06:25:06,2026-08-19 06:25:16.76746
698,Airbus,A321 231SL,4baa67,THY40H,Turkey,11269.98,241.84,2700,8532,9.799867681111479,220,0.04454485309596127,2026-08-19 06:25:06,2026-08-19 06:25:16.76746
699,Airbus,A321 231SL,4baa69,THY2ZN,Turkey,10668,266.03,2700,8532,8.908769687629215,220,0.040494407671041885,2026-08-19 06:25:06,2026-08-19 06:25:16.76746
700,Airbus,A321 231SL,4baa75,THY3710,Turkey,495.3,68.65,2700,8532,34.52294246176256,220,0.15692246573528437,2026-08-19 06:21:44,2026-08-19 06:25:16.76746
701,Airbus,A321 231SL,4baa76,THY3160,Turkey,10363.2,182.53,2700,8532,12.984166986248834,220,0.059018940846585606,2026-08-19 06:25:07,2026-08-19 06:25:16.76746
702,Airbus,A321 231SL,4baa70,THY9EB,Turkey,10363.2,209.92,2700,8532,11.29001524390244,220,0.051318251108647454,2026-08-19 06:25:06,2026-08-19 06:25:16.76746
703,Airbus,A321 231SL,4baa6b,THY2EG,Turkey,,11.83,2700,8532,,220,,2026-08-19 06:25:04,2026-08-19 06:25:16.76746
704,Airbus,A320-216,4ca90a,ITY1770,Ireland,7520.94,242.04,2500,7900,9.06645366238822,180,0.05036918701326789,2026-08-19 06:25:06,2026-08-19 06:25:16.76746
705,Boeing,BOEING 737-8AS,4ca911,RYR50WQ,Ireland,11277.6,267.68,2400,7584,7.870093644152221,189,0.04164070711191652,2026-08-19 06:25:06,2026-08-19 06:25:16.76746
706,Airbus,A320-216 (W,440b1e,EJU17CM,Austria,4160.52,184.7,2500,7900,11.881128556818867,180,0.06600626976010482,2026-08-19 06:25:06,2026-08-19 06:25:16.76746
707,Boeing,777-224,aa6b9d,UAL982,United States,,8.75,7500,23700,,350,,2026-08-19 06:25:03,2026-08-19 06:25:16.76746
708,Airbus,A320-214,4ca92d,EIN776,Ireland,,1.03,2500,7900,,180,,2026-08-19 06:23:29,2026-08-19 06:25:16.76746
709,Boeing,737 MAX 8,4ca92b,RYR7QZ,Ireland,9448.8,275.5,2400,7584,7.64670296430732,189,0.04045874584289587,2026-08-19 06:25:06,2026-08-19 06:25:16.76746
710,Airbus,A321 211SL,45d066,VKG804,Denmark,10668,266.98,2700,8532,8.877069443404,220,0.04035031565183637,2026-08-19 06:25:06,2026-08-19 06:25:16.76746
711,Boeing,777 206ER,48436d,KLM9862,Kingdom of the Netherlands,3497.58,155.71,7500,23700,42.27945111639158,350,0.12079843176111879,2026-08-19 06:25:06,2026-08-19 06:25:16.76746
712,Boeing,777 206ER,48436c,KLM874,Kingdom of the Netherlands,1028.7,128.72,7500,23700,51.14460327325461,350,0.1461274379235846,2026-08-19 06:25:06,2026-08-19 06:25:16.76746
713,Airbus,A321 211SL,45d065,VKG470,Denmark,10668,242.27,2700,8532,9.782474099145581,220,0.04446579135975264,2026-08-19 06:25:07,2026-08-19 06:25:16.76746
714,Boeing,777 206ER,484371,KLM104,Kingdom of the Netherlands,11582.4,253.27,7500,23700,25.99334044037325,350,0.074266686972495,2026-08-19 06:25:06,2026-08-19 06:25:16.76746
715,Boeing,777 206ER,484370,KLM702,Kingdom of the Netherlands,11582.4,275.23,7500,23700,23.919388632537633,350,0.06834111037867895,2026-08-19 06:25:07,2026-08-19 06:25:16.76746
716,Boeing,Boeing 747 4HAERF,781273,YZR7440,China,11277.6,221.99,10000,31600,39.54132068011071,410,0.09644224556124563,2026-08-19 05:21:41,2026-08-19 06:25:16.76746
717,Boeing,BOEING 777-236,4005c0,BAW172,United Kingdom,12192,272.95,7500,23700,24.11919154912377,350,0.06891197585463935,2026-08-19 06:25:06,2026-08-19 06:25:16.76746
718,Boeing,BOEING 737-8AS,4ca891,RYR9AQ,Ireland,11582.4,241.01,2400,7584,8.740992766551873,189,0.04624863897646494,2026-08-19 06:25:06,2026-08-19 06:25:16.76746
719,Airbus,A330 343E,77058e,ALK563,Sri Lanka,9212.58,238.61,5000,15800,18.393566442684246,280,0.06569130872387231,2026-08-19 06:25:06,2026-08-19 06:25:16.76746
720,Boeing,BOEING 737-8AS,4ca84f,RYR39DH,Ireland,10066.02,221.56,2400,7584,9.508334837816694,189,0.05030864993553806,2026-08-19 06:25:06,2026-08-19 06:25:16.76746
721,Boeing,BOEING 737-8AS,4ca84d,RYR70WZ,Ireland,,0,2400,7584,,189,,2026-08-19 06:22:52,2026-08-19 06:25:16.76746
722,Boeing,BOEING 737-8AS,4ca84e,RYR10TB,Ireland,9829.8,250.08,2400,7584,8.423970995947963,189,0.044571275110835785,2026-08-19 06:25:06,2026-08-19 06:25:16.76746
723,Boeing,BOEING 737-8AS,4ca84a,RYR91KF,Ireland,11277.6,228.35,2400,7584,9.225603970513102,189,0.04881271942070425,2026-08-19 06:25:06,2026-08-19 06:25:16.76746
724,Boeing,BOEING 737-8AS,4ca854,RYR7FJ,Ireland,10972.8,265.01,2400,7584,7.949385557777695,189,0.04206024104644283,2026-08-19 06:25:07,2026-08-19 06:25:16.76746
725,Boeing,BOEING 737-8AS,4ca88c,RYR55BJ,Ireland,,4.63,2400,7584,,189,,2026-08-19 06:25:06,2026-08-19 06:25:16.76746
726,Boeing,BOEING 737-8AS,4ca893,RYR4836,Ireland,11277.6,254.25,2400,7584,8.28580793182563,189,0.04384025360754302,2026-08-19 06:25:06,2026-08-19 06:25:16.76746
727,Boeing,BOEING 737-8AS,4ca894,RYR6137,Ireland,11582.4,241.89,2400,7584,8.709192883817714,189,0.046080385628665156,2026-08-19 06:25:07,2026-08-19 06:25:16.76746
728,Boeing,787-8,ac0cab,AAL180,United States,11879.58,247,5500,17380,19.54565901934323,290,0.06739882420463182,2026-08-19 06:25:06,2026-08-19 06:25:16.76746
729,Airbus,A320 232,4baa0a,THY9QW,Turkey,2590.8,130.65,2500,7900,16.79636007994217,180,0.09331311155523427,2026-08-19 06:25:06,2026-08-19 06:25:16.76746
730,Boeing,Boeing 737NG 8K5/W,3c0c99,TUI35X,Germany,11285.22,256.35,2400,7584,8.21793121383525,189,0.04348111753351984,2026-08-19 06:25:06,2026-08-19 06:25:16.76746
731,Boeing,737NG 8K5/W,3c0c9e,TUI3LH,Germany,11277.6,239.42,2400,7584,8.799042129590957,189,0.04655577846344421,2026-08-19 06:25:05,2026-08-19 06:25:16.76746
732,Boeing,BOEING 737-8AS,4ca7b9,RYR3GY,Ireland,10447.02,249.09,2400,7584,8.457451791186585,189,0.0447484221755904,2026-08-19 06:25:06,2026-08-19 06:25:16.76746
733,Boeing,BOEING 737-8AS,4ca7b5,RYR21VJ,Ireland,10972.8,245.12,2400,7584,8.59442993907746,189,0.04547317428083312,2026-08-19 06:25:06,2026-08-19 06:25:16.76746
734,Boeing,BOEING 737-8AS,4ca7b7,RYR114N,Ireland,11277.6,237.15,2400,7584,8.883266568276056,189,0.04700141041415903,2026-08-19 06:25:06,2026-08-19 06:25:16.76746
735,Boeing,BOEING 737-8AS,4ca7b3,RYR33FG,Ireland,7604.76,218.19,2400,7584,9.655193485799838,189,0.05108567981904676,2026-08-19 06:25:06,2026-08-19 06:25:16.76746
736,Airbus,A320-214,4ca6c4,EIN4GC,Ireland,10972.8,224.09,2500,7900,9.79269242020815,180,0.054403846778934166,2026-08-19 06:25:06,2026-08-19 06:25:16.76746
737,Boeing,BOEING 737-8AS,4ca6aa,RYR54TQ,Ireland,10058.4,241.19,2400,7584,8.734469367165582,189,0.04621412363579673,2026-08-19 06:25:06,2026-08-19 06:25:16.76746
738,Boeing,737NG 86J/W,44d2b6,JAF6AD,Belgium,11582.4,233.35,2400,7584,9.027926576673096,189,0.047766807283984636,2026-08-19 06:25:06,2026-08-19 06:25:16.76746
739,Boeing,737NG 86J/W,44d2ab,JAF7HW,Belgium,11277.6,217.12,2400,7584,9.702775730778677,189,0.05133743772898771,2026-08-19 06:25:06,2026-08-19 06:25:16.76746
740,Airbus,A320 214,02a191,TAR892,Tunisia,10972.8,237.34,2500,7900,9.245994962688314,180,0.051366638681601746,2026-08-19 06:25:06,2026-08-19 06:25:16.76746
741,Boeing,BOEING 737-8AS,4ca808,RYR749U,Ireland,11582.4,229.5,2400,7584,9.179375453885257,189,0.04856812409463099,2026-08-19 06:25:05,2026-08-19 06:25:16.76746
742,Boeing,BOEING 737-8AS,4ca805,RYR98ML,Ireland,4602.48,197.01,2400,7584,10.693196622844864,189,0.056577759909232084,2026-08-19 06:25:06,2026-08-19 06:25:16.76746
743,Boeing,BOEING 737-8AS,4ca801,RYR822J,Ireland,8854.44,222.36,2400,7584,9.47412604185405,189,0.05012765101510079,2026-08-19 06:25:06,2026-08-19 06:25:16.76746
744,Airbus,A320-214,4ca836,EIN3CG,Ireland,632.46,68.73,2500,7900,31.92848020434227,180,0.17738044557967927,2026-08-19 06:25:07,2026-08-19 06:25:16.76746
745,Airbus,A320 214,4ca837,EIN59K,Ireland,11887.2,214.11,2500,7900,10.249145039673271,180,0.056939694664851506,2026-08-19 06:25:06,2026-08-19 06:25:16.76746
746,Boeing,Boeing 777-300(ER),706058,KAC103,Kuwait,10972.8,212.94,7500,23700,30.91637707022322,350,0.08833250591492349,2026-08-19 06:25:06,2026-08-19 06:25:16.76746
747,Boeing,BOEING 737-8AS,4ca80b,RYR1MT,Ireland,6781.8,226.87,2400,7584,9.285787749224959,189,0.04913115211230137,2026-08-19 06:25:06,2026-08-19 06:25:16.76746
748,Boeing,BOEING 737-8AS,4ca80d,RYR35YA,Ireland,11277.6,228.09,2400,7584,9.236120244932556,189,0.04886836108429923,2026-08-19 06:25:06,2026-08-19 06:25:16.76746
749,Boeing,BOEING 737-8AS,4ca80e,RYR51AV,Ireland,10668,279.97,2400,7584,7.524615732638019,189,0.03981278165416941,2026-08-19 06:25:06,2026-08-19 06:25:16.76746
750,Boeing,BOEING 737-8AS,4ca816,RYR32NE,Ireland,11277.6,217.92,2400,7584,9.66715614292707,189,0.051148974301201425,2026-08-19 06:25:06,2026-08-19 06:25:16.76746
751,Boeing,BOEING 737-8AS,4ca811,RYR7KX,Ireland,1386.84,94.82,2400,7584,22.21753497855586,189,0.11755309512463419,2026-08-19 06:22:32,2026-08-19 06:25:16.76746
752,Boeing,BOEING 737-8AS,4ca812,RYR84LH,Ireland,10668,231.28,2400,7584,9.108728237057534,189,0.04819432929660071,2026-08-19 06:25:05,2026-08-19 06:25:16.76746
753,Boeing,737NG 800/W,4bcde8,SXS9HN,Turkey,11582.4,188.9,2400,7584,11.152285159696488,189,0.059006799786753904,2026-08-19 06:25:06,2026-08-19 06:25:16.76746
754,Boeing,737NG 800/W,4bcde6,SXS77Z,Turkey,11582.4,200.38,2400,7584,10.51335795322221,189,0.05562623255673127,2026-08-19 06:25:06,2026-08-19 06:25:16.76746
755,Boeing,737-8AS,4bcdf2,SXS2GX,Turkey,11277.6,266.94,2400,7584,7.891910791438775,189,0.04175614175364431,2026-08-19 06:25:06,2026-08-19 06:25:16.76746
756,Boeing,737-8AS,4bcdf0,SXS3PU,Turkey,10363.2,221.09,2400,7584,9.528547951814495,189,0.050415597628648126,2026-08-19 06:25:05,2026-08-19 06:25:16.76746
757,Airbus,A321 212,394c09,AFR39LA,France,10363.2,226.92,2700,8532,10.444209413008991,220,0.047473679150040866,2026-08-19 06:25:06,2026-08-19 06:25:16.76746
758,Boeing,BOEING 737-8AS,4ca75f,RYR6352,Ireland,11582.4,246.63,2400,7584,8.541810269094054,189,0.045194763328539965,2026-08-19 06:25:06,2026-08-19 06:25:16.76746
759,Boeing,737-8HC,4bcdf9,SXS51C,Turkey,1447.8,115.69,2400,7584,18.20958308122281,189,0.09634700042975032,2026-08-19 06:25:06,2026-08-19 06:25:16.76746
760,Airbus,A321 212,394c14,AFR1554,France,11887.2,206.05,2700,8532,11.502062606163552,220,0.05228210275528887,2026-08-19 06:25:06,2026-08-19 06:25:16.76746
761,Boeing,BOEING 737-8AS,4ca762,RYR2Z,Ireland,10363.2,227.63,2400,7584,9.254784811609484,189,0.04896711540534119,2026-08-19 06:25:06,2026-08-19 06:25:16.76746
762,Airbus,A321 212,394c19,AFR67WE,France,10058.4,228.61,2700,8532,10.367000568654039,220,0.04712272985751836,2026-08-19 06:25:07,2026-08-19 06:25:16.76746
763,Boeing,BOEING 737-8AS,4ca764,RYR2NR,Ireland,10668,244.46,2400,7584,8.617633423327606,189,0.0455959440387704,2026-08-19 06:25:06,2026-08-19 06:25:16.76746
764,Boeing,737NG 8HC/W,4bcdd4,SXS62C,Turkey,10972.8,199.67,2400,7584,10.550742057728586,189,0.055824032051474,2026-08-19 06:25:06,2026-08-19 06:25:16.76746
765,Boeing,BOEING 737-8AS,4ca73b,RYR6GL,Ireland,,1.29,2400,7584,,189,,2026-08-19 06:23:42,2026-08-19 06:25:16.76746
766,Boeing,BOEING 737-8AS,4ca73d,RYR73QT,Ireland,2194.56,134.72,2400,7584,15.637371338083927,189,0.08273741448721654,2026-08-19 06:25:06,2026-08-19 06:25:16.76746
767,Boeing,BOEING 737-8AS,4ca73e,RYR57GB,Ireland,2179.32,133.12,2400,7584,15.825320512820513,189,0.0837318545651879,2026-08-19 06:25:05,2026-08-19 06:25:16.76746
768,Boeing,737NG 86J/W,4bcdd6,SXS7UQ,Turkey,11582.4,204.15,2400,7584,10.319209731406644,189,0.05459899328786584,2026-08-19 06:25:06,2026-08-19 06:25:16.76746
769,Boeing,BOEING 737-8AS,4ca73a,RYR5ZZ,Ireland,3200.4,157.1,2400,7584,13.40971780182474,189,0.07095088784034254,2026-08-19 06:25:06,2026-08-19 06:25:16.76746
770,Boeing,737NG 8HC/W,4bcdd5,SXS4WY,Turkey,11582.4,199.95,2400,7584,10.535967325164625,189,0.055745858863304895,2026-08-19 06:25:06,2026-08-19 06:25:16.76746
771,Boeing,737NG 8HC/W,4bcde2,,Turkey,,1.29,2400,7584,,189,,2026-08-19 06:22:28,2026-08-19 06:25:16.76746
772,Boeing,737NG 8HC/W,4bcde1,SXS9UK,Turkey,4053.84,169.78,2400,7584,12.408214552165548,189,0.06565192884743676,2026-08-19 06:25:06,2026-08-19 06:25:16.76746
773,Boeing,BOEING 737-8AS,4ca740,RYR28UR,Ireland,655.32,107.86,2400,7584,19.531491439520366,189,0.1033412245477268,2026-08-19 06:25:07,2026-08-19 06:25:16.76746
774,Boeing,BOEING 737-8AS,4ca741,RYR3054,Ireland,3939.54,196.04,2400,7584,10.746106236822417,189,0.05685770495673236,2026-08-19 06:25:06,2026-08-19 06:25:16.76746
775,Airbus,A320-216,4ca798,ITY1728,Ireland,4297.68,160.16,2500,7900,13.7015762015762,180,0.07611986778653444,2026-08-19 06:25:06,2026-08-19 06:25:16.76746
776,Boeing,737-8HX,4bcdfa,SXS1MG,Turkey,10972.8,198.11,2400,7584,10.633822960308246,189,0.056263613546604474,2026-08-19 06:25:06,2026-08-19 06:25:16.76746
777,Boeing,BOEING 737-8K5,405e24,TOM51C,United Kingdom,11277.6,260.18,2400,7584,8.09695851589925,189,0.042841050348673276,2026-08-19 06:25:06,2026-08-19 06:25:16.76746
778,Boeing,BOEING 737-8K5,405e23,TOM78B,United Kingdom,9448.8,229.83,2400,7584,9.166195303775254,189,0.04849838785066272,2026-08-19 06:25:07,2026-08-19 06:25:16.76746
779,Boeing,777 300ER,4851f6,KLM592,Kingdom of the Netherlands,10972.8,266.84,7500,23700,24.671463548693353,350,0.07048989585340958,2026-08-19 06:25:06,2026-08-19 06:25:16.76746
780,Boeing,BOEING 737-8AS,4ca6a6,RYR50AM,Ireland,10668,219.17,2400,7584,9.612021109945097,189,0.05085725454997406,2026-08-19 06:25:07,2026-08-19 06:25:16.76746
781,Boeing,BOEING 737-8AS,4ca6a4,RYR3DV,Ireland,7345.68,231.23,2400,7584,9.110697862157448,189,0.048204750593425646,2026-08-19 06:21:00,2026-08-19 06:25:16.76746
782,Boeing,777-FS2,abc948,FDX5384,United States,10058.4,275.93,7500,23700,23.85870812645719,350,0.0681677375041634,2026-08-19 06:25:06,2026-08-19 06:25:16.76746
783,Boeing,787 9,4851b1,KLM640,Kingdom of the Netherlands,11887.2,291.97,5500,17380,16.53518436064588,290,0.05701787710567544,2026-08-19 06:25:06,2026-08-19 06:25:16.76746
784,Boeing,737NG 800/W,4853d0,TRA56M,Kingdom of the Netherlands,9448.8,220.25,2400,7584,9.564888384411654,189,0.050607875049797114,2026-08-19 06:25:05,2026-08-19 06:25:16.76746
785,Airbus,A320-214,4ca5c8,EIN2XC,Ireland,2743.2,156.97,2500,7900,13.98002449158721,180,0.07766680273104005,2026-08-19 06:25:06,2026-08-19 06:25:16.76746
786,Boeing,737NG 800/W,4853d1,TRA84L,Kingdom of the Netherlands,11887.2,213.14,2400,7584,9.883957336336055,189,0.05229607056262463,2026-08-19 06:25:06,2026-08-19 06:25:16.76746
787,Boeing,737NG 800/W,4853d4,TRA47M,Kingdom of the Netherlands,12496.8,211.16,2400,7584,9.976636989328787,189,0.05278643909697771,2026-08-19 06:25:06,2026-08-19 06:25:16.76746
788,Boeing,737NG 800/W,4853d2,TRA89Z,Kingdom of the Netherlands,11887.2,215.4,2400,7584,9.780253791395852,189,0.05174737455765001,2026-08-19 06:25:06,2026-08-19 06:25:16.76746
789,Boeing,737NG 800/W,4853d3,TRA4J,Kingdom of the Netherlands,11277.6,256.85,2400,7584,8.201933683732399,189,0.04339647451710264,2026-08-19 06:25:06,2026-08-19 06:25:16.76746
790,Airbus,AIRBUS A320-232,405ee1,SHT8B,United Kingdom,9151.62,209.63,2500,7900,10.468179384842076,180,0.05815655213801153,2026-08-19 06:25:06,2026-08-19 06:25:16.76746
791,Airbus,A330 323X,3a4578,FWI43M,France,8237.22,251.02,5000,15800,17.48421993820767,280,0.062443642636455965,2026-08-19 06:25:06,2026-08-19 06:25:16.76746
792,Airbus,AIRBUS A320-232,405ee0,BAW918,United Kingdom,7010.4,228.04,2500,7900,9.623068077725156,180,0.05346148932069531,2026-08-19 06:25:06,2026-08-19 06:25:16.76746
793,Boeing,737NG 9K2/W,48418b,KLM23V,Kingdom of the Netherlands,3497.58,159.51,2400,7584,13.20711345161223,189,0.06987890715138746,2026-08-19 06:25:06,2026-08-19 06:25:16.76746
794,Boeing,737NG 9K2/W,48418a,KLM1958,Kingdom of the Netherlands,,43.21,2400,7584,,189,,2026-08-19 06:24:39,2026-08-19 06:25:16.76746
795,Boeing,737NG 9K2/W,48418c,KLM88C,Kingdom of the Netherlands,,1.03,2400,7584,,189,,2026-08-19 06:24:01,2026-08-19 06:25:16.76746
796,Boeing,737NG 8K2/W,484165,,Kingdom of the Netherlands,,4.63,2400,7584,,189,,2026-08-19 06:25:06,2026-08-19 06:25:16.76746
797,Boeing,737NG 8K2/W,48415e,KLM34E,Kingdom of the Netherlands,2598.42,136.17,2400,7584,15.470857506548187,189,0.08185638892353538,2026-08-19 06:25:07,2026-08-19 06:25:16.76746
798,Boeing,737NG 8K2/W,48414d,TRA49N,Kingdom of the Netherlands,11887.2,214.66,2400,7584,9.813969377930992,189,0.05192576390439678,2026-08-19 06:25:06,2026-08-19 06:25:16.76746
799,Boeing,737NG 8K2/W,48414c,TRA13W,Kingdom of the Netherlands,11163.3,207.65,2400,7584,10.145276506942771,189,0.05367871167694588,2026-08-19 06:25:06,2026-08-19 06:25:16.76746
800,Boeing,BOEING 737-8AS,4ca708,RYR41LL,Ireland,2423.16,123.23,2400,7584,17.095404257621247,189,0.0904518743789484,2026-08-19 06:25:07,2026-08-19 06:25:16.76746
801,Boeing,Boeing 737NG 8K2/W,484131,KLM87P,Kingdom of the Netherlands,3268.98,143.98,2400,7584,14.631661804880308,189,0.07741620002582174,2026-08-19 06:25:06,2026-08-19 06:25:16.76746
802,Boeing,787-8,aacaac,AVA182,United States,3649.98,222.99,5500,17380,21.650198563961514,290,0.07465585711710866,2026-08-19 06:25:06,2026-08-19 06:25:16.76746
803,Airbus,A320-214,4ca63a,EIN69L,Ireland,3368.04,186.66,2500,7900,11.75637225138993,180,0.0653131791743885,2026-08-19 06:25:06,2026-08-19 06:25:16.76746
804,Boeing,BOEING 737-8AS,4ca646,RYR8KN,Ireland,8618.22,265.12,2400,7584,7.946087306376986,189,0.042042789980830615,2026-08-19 06:25:06,2026-08-19 06:25:16.76746
805,Airbus,A330-200F,3c71a4,BCS081,Germany,11277.6,230.49,5000,15800,19.04155880467217,280,0.06800556715954346,2026-08-19 06:25:06,2026-08-19 06:25:16.76746
806,Boeing,737NG 8HC/W,4bcca9,SXS4QE,Turkey,11582.4,186.95,2400,7584,11.268610145315147,189,0.05962227590113835,2026-08-19 06:25:05,2026-08-19 06:25:16.76746
807,Boeing,737NG 8HC/W,4bccb0,SXS9SR,Turkey,11582.4,189.55,2400,7584,11.114042029367798,189,0.0588044551818402,2026-08-19 06:25:06,2026-08-19 06:25:16.76746
808,Airbus,AIRBUS A320-214,405f13,EZY85VK,United Kingdom,11292.84,219.46,2500,7900,9.999291189485302,180,0.05555161771936279,2026-08-19 06:25:05,2026-08-19 06:25:16.76746
809,Boeing,787-8,ac1df7,AAL298,United States,12489.18,264.55,5500,17380,18.249018249018246,290,0.06292764913454567,2026-08-19 06:25:05,2026-08-19 06:25:16.76746
810,Airbus,AIRBUS A320-214,405f11,EZY76PT,United Kingdom,11285.22,208.16,2500,7900,10.542104364164318,180,0.05856724646757955,2026-08-19 06:25:06,2026-08-19 06:25:16.76746
811,Boeing,737NG 8HC/W,4bccab,SXS2DB,Turkey,716.28,79.33,2400,7584,26.555737636035126,189,0.14050654833881018,2026-08-19 06:25:06,2026-08-19 06:25:16.76746
812,Boeing,737NG 8HC/W,4bccaa,SXS8LW,Turkey,11277.6,265.12,2400,7584,7.946087306376986,189,0.042042789980830615,2026-08-19 06:25:05,2026-08-19 06:25:16.76746
813,Boeing,BOEING 737-8AS,4ca61b,RYR6882,Ireland,,5.66,2400,7584,,189,,2026-08-19 06:25:06,2026-08-19 06:25:16.76746
814,Boeing,737NG 8HC/W,4bccb9,SXS2,Turkey,8336.28,259.6,2400,7584,8.115048793014894,189,0.042936766100607905,2026-08-19 06:25:06,2026-08-19 06:25:16.76746
815,Boeing,BOEING 737-8AS,4ca61d,RYR3273,Ireland,11277.6,207.46,2400,7584,10.154567948841544,189,0.053727872745193354,2026-08-19 06:25:06,2026-08-19 06:25:16.76746
816,Boeing,737NG 8HC/W,4bccb5,SXS93H,Turkey,11049,190.08,2400,7584,11.083052749719416,189,0.05864049073925617,2026-08-19 06:25:07,2026-08-19 06:25:16.76746
817,Boeing,BOEING 737-8AS,4ca623,RYR3688,Ireland,9806.94,251.18,2400,7584,8.38707965071529,189,0.04437608280801741,2026-08-19 06:25:05,2026-08-19 06:25:16.76746
818,Boeing,BOEING 737-8AS,4ca624,RYR58QK,Ireland,,6.94,2400,7584,,189,,2026-08-19 06:25:05,2026-08-19 06:25:16.76746
819,Airbus,A320 232,47340e,TVL5219,Hungary,9753.6,202.92,2500,7900,10.814332960991743,180,0.06007962756106524,2026-08-19 06:25:06,2026-08-19 06:25:16.76746
820,Boeing,BOEING 737-8AS,4ca64e,RYR3RB,Ireland,10668,211.35,2400,7584,9.967668164971217,189,0.05273898499984771,2026-08-19 06:25:07,2026-08-19 06:25:16.76746
821,Boeing,737-8MA (W),4bce0f,SXS7VV,Turkey,,0.06,2400,7584,,189,,2026-08-19 06:25:03,2026-08-19 06:25:16.76746
822,Boeing,737-8K5,4bce06,SXS8ZN,Turkey,1097.28,105.05,2400,7584,20.053942567031573,189,0.10610551622768027,2026-08-19 06:25:05,2026-08-19 06:25:16.76746
823,Boeing,737-8AS,4bce04,SXS6JW,Turkey,7909.56,255.85,2400,7584,8.233991270926976,189,0.04356609138056601,2026-08-19 06:25:06,2026-08-19 06:25:16.76746
824,Boeing,737-8AS,4bce03,SXS8CB,Turkey,11582.4,199.59,2400,7584,10.554971023932394,189,0.05584640753403383,2026-08-19 06:25:06,2026-08-19 06:25:16.76746
825,Boeing,737-86Q,4bce02,SXS73E,Turkey,9273.54,272.64,2400,7584,7.726917057902973,189,0.04088315903652367,2026-08-19 06:25:06,2026-08-19 06:25:16.76746
826,Boeing,737-8U3 (W)	,4bce15,SXS4EC,Turkey,2484.12,160.41,2400,7584,13.13301332003408,189,0.06948684296314328,2026-08-19 06:25:06,2026-08-19 06:25:16.76746
827,Boeing,747-8R7,4d0103,CLX2092,Luxembourg,4838.7,218.58,10000,31600,40.158192779658606,410,0.09794681165770391,2026-08-19 06:25:06,2026-08-19 06:25:16.76746
828,Airbus,A350 941,39b493,FWI51W,France,4831.08,202.53,5700,18012,24.70415905462565,325,0.07601279709115584,2026-08-19 06:25:06,2026-08-19 06:25:16.76746
829,Boeing,B747-4HAF(ER),4d012e,CLX85,Luxembourg,10363.2,202.78,10000,31600,43.28719685263723,410,0.10557852890887129,2026-08-19 06:25:06,2026-08-19 06:25:16.76746
830,Airbus,AIRBUS A319-111,400e14,EZY53JV,United Kingdom,10066.02,212.57,2300,7268,9.497524998301214,140,0.0678394642735801,2026-08-19 06:25:07,2026-08-19 06:25:16.76746
831,Airbus,AIRBUS A319-111,400e13,EZY12VG,United Kingdom,11277.6,251.18,2300,7268,8.037617998602153,140,0.05741155713287252,2026-08-19 06:25:06,2026-08-19 06:25:16.76746
832,Airbus,A319-111,346188,VLG1494,Spain,9502.14,212.53,2300,7268,9.499312515357309,140,0.0678522322525522,2026-08-19 06:25:06,2026-08-19 06:25:16.76746
833,Airbus,A320-271N,346183,VLG3FP,Spain,9456.42,217.15,2500,7900,10.105661728963593,180,0.05614256516090885,2026-08-19 06:25:06,2026-08-19 06:25:16.76746
834,Airbus,AIRBUS A319-111,40631a,EZY49TQ,United Kingdom,3810,153.29,2300,7268,13.170388733047746,140,0.09407420523605532,2026-08-19 06:25:07,2026-08-19 06:25:16.76746
835,Airbus,AIRBUS A319-111,40631b,EZY39WY,United Kingdom,11894.82,218.47,2300,7268,9.241034873844871,140,0.06600739195603479,2026-08-19 06:25:06,2026-08-19 06:25:16.76746
836,Boeing,777-223,aab202,AAL198,United States,8237.22,231.45,7500,23700,28.44386836609779,350,0.08126819533170797,2026-08-19 06:25:06,2026-08-19 06:25:16.76746
837,Airbus,AIRBUS A319-111,406319,EZY42UA,United Kingdom,11887.2,213.32,2300,7268,9.464133174990103,140,0.0676009512499293,2026-08-19 06:25:06,2026-08-19 06:25:16.76746
838,Boeing,787-8,ac053f,AAL9601,United States,,10.8,5500,17380,,290,,2026-08-19 06:25:06,2026-08-19 06:25:16.76746
839,Airbus,A320-251N,407689,EZY75FA,United Kingdom,11887.2,224.96,2500,7900,9.754820610083769,180,0.054193447833798716,2026-08-19 06:25:07,2026-08-19 06:25:16.76746
840,Airbus,A320,48ad0b,LOT7FE,Poland,10972.8,206.09,2500,7900,10.6479908993374,180,0.059155504996318886,2026-08-19 06:25:06,2026-08-19 06:25:16.76746
841,Airbus,AIRBUS A321-231,400ceb,EFW29CF,United Kingdom,,3.09,2700,8532,,220,,2026-08-19 06:24:11,2026-08-19 06:25:16.76746
842,Boeing,737NG 86J/W,3c4969,TUI2DJ,Germany,11277.6,210.06,2400,7584,10.028880637278238,189,0.053062860514699675,2026-08-19 06:25:06,2026-08-19 06:25:16.76746
843,Boeing,737NG 86J/W,3c496d,TUI5HJ,Germany,388.62,72.43,2400,7584,29.08555386810253,189,0.15389181940794988,2026-08-19 06:24:47,2026-08-19 06:25:16.76746
844,Airbus,A320-251N,346204,IBE05WK,Spain,9151.62,243.87,2500,7900,8.998419011950812,180,0.04999121673306007,2026-08-19 06:25:07,2026-08-19 06:25:16.76746
845,Boeing,Boeing 777 F1B,780da8,CSN451,China,9753.6,204.36,7500,23700,32.2143929014158,350,0.09204112257547371,2026-08-19 06:25:06,2026-08-19 06:25:16.76746
846,Boeing,777-333ER (Boeing),c0174f,ACA820,Canada,10972.8,252.04,7500,23700,26.120192562027192,350,0.07462912160579198,2026-08-19 06:25:06,2026-08-19 06:25:16.76746
847,Boeing,777-333ER (Boeing),c0175a,ACA892,Canada,11277.6,246.56,7500,23700,26.70073545316894,350,0.07628781558048268,2026-08-19 06:25:06,2026-08-19 06:25:16.76746
848,Airbus,A330-323,ab2c0c,DAL230,United States,11887.2,244.46,5000,15800,17.953402965265845,280,0.06411929630452087,2026-08-19 06:25:06,2026-08-19 06:25:16.76746
849,Airbus,AIRBUS A319-131,400d5b,,United Kingdom,,1.54,2300,7268,,140,,2026-08-19 06:22:04,2026-08-19 06:25:16.76746
850,Boeing,777-233LR (Boeing),c01732,ACA880,Canada,11277.6,275.6,7500,23700,23.88727624576681,350,0.06824936070219088,2026-08-19 06:25:06,2026-08-19 06:25:16.76746
851,Boeing,777-233LR (Boeing),c01729,ACA890,Canada,11887.2,272.62,7500,23700,24.148387254542342,350,0.06899539215583526,2026-08-19 06:25:06,2026-08-19 06:25:16.76746
852,Airbus,A320-251N,4074b6,EZY79RV,United Kingdom,10538.46,189.95,2500,7900,11.552747799128428,180,0.06418193221738015,2026-08-19 06:25:06,2026-08-19 06:25:16.76746
853,Boeing,777-333ER (Boeing),c01754,ACA872,Canada,11277.6,283.88,7500,23700,23.19054999765159,350,0.06625871427900454,2026-08-19 06:25:06,2026-08-19 06:25:16.76746
854,Boeing,777-333ER (Boeing),c01753,ACA802,Canada,11277.6,273.17,7500,23700,24.099766933899524,350,0.06885647695399864,2026-08-19 06:25:07,2026-08-19 06:25:16.76746
855,Boeing,777-233LR (Boeing),c0172e,ACA42,Canada,10058.4,296.93,7500,23700,22.17133106568327,350,0.06334666018766648,2026-08-19 06:25:05,2026-08-19 06:25:16.76746
856,Airbus,AIRBUS A319-111,400f02,EZY24HL,United Kingdom,11277.6,252.65,2300,7268,7.990852518855685,140,0.057077517991826324,2026-08-19 06:25:06,2026-08-19 06:25:16.76746
857,Airbus,A320-251N,4076cd,BAW531,United Kingdom,10965.18,222.64,2500,7900,9.85646983670699,180,0.05475816575948328,2026-08-19 06:25:06,2026-08-19 06:25:16.76746
858,Boeing,737NG 8K2/W,3964ec,TVF20SS,France,8519.16,223.01,2400,7584,9.446512114553906,189,0.049981545579650295,2026-08-19 06:25:03,2026-08-19 06:25:16.76746
859,Airbus,A320-251N	,01024e,MSC2990,Egypt,10972.8,203.97,2500,7900,10.75866276631095,180,0.059770348701727496,2026-08-19 06:25:07,2026-08-19 06:25:16.76746
860,Boeing,737NG 8K2/W,3964ef,TVF47ZN,France,7513.32,183.78,2400,7584,11.462981100591286,189,0.060650693653922144,2026-08-19 06:25:07,2026-08-19 06:25:16.76746
861,Airbus,A350-1041,407799,BAW9HL,United Kingdom,12192,296.45,5700,18012,16.87749479957272,325,0.05193075322945452,2026-08-19 06:25:06,2026-08-19 06:25:16.76746
862,Boeing,737NG 8K2/W,3964ee,TVF77CD,France,11582.4,237.43,2400,7584,8.872790576871779,189,0.04694598188821047,2026-08-19 06:25:07,2026-08-19 06:25:16.76746
863,Boeing,777-223,aad981,AAL326,United States,12192,274.66,7500,23700,23.96902837447511,350,0.06848293821278602,2026-08-19 06:25:06,2026-08-19 06:25:16.76746
864,Airbus,AIRBUS A320-214,40643b,EZY51RK,United Kingdom,,0,2500,7900,,180,,2026-08-19 06:24:49,2026-08-19 06:25:16.76746
865,Airbus,AIRBUS A320-214,40643a,EZY91QY,United Kingdom,11277.6,250.17,2500,7900,8.771812944975196,180,0.04873229413875109,2026-08-19 06:25:06,2026-08-19 06:25:16.76746
866,Airbus,AIRBUS A320-214,40643c,EZY3217,United Kingdom,11285.22,243.29,2500,7900,9.01987111860103,180,0.050110395103339055,2026-08-19 06:25:06,2026-08-19 06:25:16.76746
867,Airbus,AIRBUS A319-111,406442,EZY85GC,United Kingdom,11285.22,254.25,2300,7268,7.940565934666229,140,0.056718328104758776,2026-08-19 06:25:06,2026-08-19 06:25:16.76746
868,Boeing,737NG 8GJ/W,3964e0,TVF77LB,France,10058.4,207.01,2400,7584,10.176642030175676,189,0.05384466682632633,2026-08-19 06:25:05,2026-08-19 06:25:16.76746
869,Boeing,737NG 8K2/W,3964e4,TVF68PG,France,2926.08,158.24,2400,7584,13.313110886417254,189,0.07043974013977383,2026-08-19 06:25:06,2026-08-19 06:25:16.76746
870,Boeing,Boeing 737-86N (W),48ae85,LOT6KB,Poland,11582.4,241.54,2400,7584,8.721812812232619,189,0.04614715773668052,2026-08-19 06:25:07,2026-08-19 06:25:16.76746
871,Boeing,737NG 89P/W,48ae81,LOT7ND,Poland,12192,191.42,2400,7584,11.005467906523178,189,0.05822998892340306,2026-08-19 06:25:06,2026-08-19 06:25:16.76746
872,Boeing,737NG 8K2/W,3964f1,TVF76MX,France,11887.2,243.99,2400,7584,8.634233643455332,189,0.04568377589129805,2026-08-19 06:25:06,2026-08-19 06:25:16.76746
873,Boeing,737NG 8K2/W,3964f0,TVF18NK,France,10241.28,241.47,2400,7584,8.72434118800127,189,0.04616053538625011,2026-08-19 06:25:06,2026-08-19 06:25:16.76746
874,Boeing,737NG 8K2/W,3964f3,TVF69WF,France,6248.4,188.09,2400,7584,11.200311907420206,189,0.05926090956306987,2026-08-19 06:25:07,2026-08-19 06:25:16.76746
875,Boeing,737NG 84P/W,3964f2,FPO162,France,7726.68,209.57,2400,7584,10.052329372842806,189,0.053186927898639186,2026-08-19 06:25:06,2026-08-19 06:25:16.76746
876,Boeing,737NG 8K2/W,3964f7,TVF12XQ,France,12496.8,221.2,2400,7584,9.523809523809524,189,0.05039052658100277,2026-08-19 06:25:06,2026-08-19 06:25:16.76746
877,Boeing,737NG 8K2/W,484b2a,TRA9H,Kingdom of the Netherlands,11277.6,214.77,2400,7584,9.808942900156756,189,0.05189916878389818,2026-08-19 06:25:06,2026-08-19 06:25:16.76746
878,Boeing,Boeing 787-9,48ae24,LOT57V,Poland,11315.7,289.26,5500,17380,16.69009810474237,290,0.0575520624301461,2026-08-19 06:18:53,2026-08-19 06:25:16.76746
879,Boeing,B787-8,48ae01,LOT5T,Poland,12496.8,279.15,5500,17380,17.294564849642764,290,0.05963643051600953,2026-08-19 06:25:06,2026-08-19 06:25:16.76746
880,Airbus,A320-214,4b1a34,EZS23QB,Switzerland,11887.2,241.84,2500,7900,9.073951556584703,180,0.050410841981026126,2026-08-19 06:25:06,2026-08-19 06:25:16.76746
881,Airbus,A320-214,4b1a1a,EZS1545,Switzerland,2849.88,117.34,2500,7900,18.701588924871693,180,0.10389771624928719,2026-08-19 06:25:06,2026-08-19 06:25:16.76746
882,Airbus,A320-214,4b1a25,EJU32DG,Switzerland,11582.4,234.42,2500,7900,9.361165619164085,180,0.0520064756620227,2026-08-19 06:25:06,2026-08-19 06:25:16.76746
883,Airbus,A320-214,4b1a26,EZS1449,Switzerland,11887.2,233.63,2500,7900,9.392819605549136,180,0.05218233114193964,2026-08-19 06:25:06,2026-08-19 06:25:16.76746
884,Airbus,A320-251N,346316,IBE08NY,Spain,11879.58,231.21,2500,7900,9.4911311986698,180,0.05272850665927667,2026-08-19 06:25:05,2026-08-19 06:25:16.76746
885,Airbus,A320-214,4b1a65,EZS51PA,Switzerland,,0,2500,7900,,180,,2026-08-19 06:23:38,2026-08-19 06:25:16.76746
886,Airbus,A320-214,4b1a66,EJU82PN,Switzerland,11277.6,219.43,2500,7900,10.000658271177342,180,0.0555592126176519,2026-08-19 06:25:05,2026-08-19 06:25:16.76746
887,Airbus,A320-214,4b1a67,EZS93EV,Switzerland,10416.54,212.12,2500,7900,10.345297211222158,180,0.05747387339567866,2026-08-19 06:25:05,2026-08-19 06:25:16.76746
888,Airbus,AIRBUS A319-111,400dae,EZY53ZM,United Kingdom,10668,251.49,2300,7268,8.027710401562244,140,0.057340788582587454,2026-08-19 06:25:06,2026-08-19 06:25:16.76746
889,Boeing,787-9,ab3fc4,AAL236,United States,12496.8,248.24,5500,17380,19.44802520857951,290,0.06706215589165347,2026-08-19 06:25:06,2026-08-19 06:25:16.76746
890,Airbus,AIRBUS A319-111,400db2,EZY24KT,United Kingdom,10058.4,224.46,2300,7268,8.994426128882155,140,0.06424590092058682,2026-08-19 06:25:06,2026-08-19 06:25:16.76746
891,Airbus,A320 214,4b1a5f,EJU1317,Switzerland,243.84,68.87,2500,7900,31.863575496507103,180,0.1770198638694839,2026-08-19 06:25:03,2026-08-19 06:25:16.76746
892,Boeing,777-FS2,ac4d43,FDX6093,United States,10058.4,264.36,7500,23700,24.902910172996418,350,0.07115117192284691,2026-08-19 06:25:07,2026-08-19 06:25:16.76746
893,Airbus,AIRBUS A319-111,400e5a,EZY95PL,United Kingdom,,0.51,2300,7268,,140,,2026-08-19 06:24:13,2026-08-19 06:25:16.76746
894,Airbus,A319-112,3461ce,VOE73XU,Spain,6141.72,170.49,2300,7268,11.841685077651997,140,0.08458346484037141,2026-08-19 06:25:06,2026-08-19 06:25:16.76746
895,Airbus,AIRBUS A320-232,40615b,BAW741,United Kingdom,10363.2,223.17,2500,7900,9.83306199061005,180,0.05462812217005583,2026-08-19 06:25:06,2026-08-19 06:25:16.76746
896,Airbus,AIRBUS A321-231,400afb,EFW5QL,United Kingdom,10797.54,267.42,2700,8532,8.862463540498092,220,0.04028392518408224,2026-08-19 06:25:06,2026-08-19 06:25:16.76746
897,Airbus,AIRBUS A319-111,406135,EZY18JC,United Kingdom,2438.4,123.54,2300,7268,16.341985501771806,140,0.11672846786979861,2026-08-19 06:25:06,2026-08-19 06:25:16.76746
898,Airbus,AIRBUS A319-111,406133,EZY856,United Kingdom,4572,184.78,2300,7268,10.92590588206997,140,0.07804218487192835,2026-08-19 06:25:06,2026-08-19 06:25:16.76746
899,Airbus,A320-251N,407462,BAW742,United Kingdom,10066.02,240.67,2500,7900,9.118063923399031,180,0.05065591068555017,2026-08-19 06:25:06,2026-08-19 06:25:16.76746
900,Boeing,737-8GP,347307,AEA76YV,Spain,,6.69,2400,7584,,189,,2026-08-19 06:23:40,2026-08-19 06:25:16.76746
901,Airbus,AIRBUS A319-131,400b84,BAW871,United Kingdom,6073.14,185.16,2300,7268,10.90348287367082,140,0.07788202052622013,2026-08-19 06:25:06,2026-08-19 06:25:16.76746
902,Boeing,BOEING 737-86N,4072dc,EXS17NY,United Kingdom,10668,231.3,2400,7584,9.107940625450352,189,0.04819016203941985,2026-08-19 06:25:06,2026-08-19 06:25:16.76746
903,Boeing,787 8,76bcca,TGW51,Singapore,4777.74,167.63,5500,17380,28.800201501985192,290,0.0993110396620179,2026-08-19 06:25:05,2026-08-19 06:25:16.76746
904,Airbus,AIRBUS A320-251N,4072c7,EZY57DP,United Kingdom,5334,174.06,2500,7900,12.60740230061154,180,0.07004112389228632,2026-08-19 06:25:06,2026-08-19 06:25:16.76746
905,Boeing,BOEING 737-8K5,4072a4,TOM5DL,United Kingdom,11277.6,272.86,2400,7584,7.720687043416648,189,0.04085019599691348,2026-08-19 06:25:06,2026-08-19 06:25:16.76746
906,Boeing,BOEING 737-8K5,4072a5,TOM4AY,United Kingdom,10058.4,222.28,2400,7584,9.477535840681423,189,0.050145692278737684,2026-08-19 06:25:06,2026-08-19 06:25:16.76746
907,Boeing,737NG 8K5/W,44a838,JAF3HX,Belgium,1219.2,114.02,2400,7584,18.4762907092323,189,0.09775815190069999,2026-08-19 06:23:35,2026-08-19 06:25:16.76746
908,Airbus,AIRBUS A320-214,406229,EZY27MA,United Kingdom,7010.4,197.14,2500,7900,11.131401260243708,180,0.061841118112465045,2026-08-19 06:25:06,2026-08-19 06:25:16.76746
909,Boeing,737-8MG(WL),40753c,EXS17CG,United Kingdom,8488.68,206.45,2400,7584,10.204246387341568,189,0.05399072162614586,2026-08-19 06:25:06,2026-08-19 06:25:16.76746
910,Boeing,737NG 8HX/W,4bd155,CAI3VT,Turkey,10972.8,219.5,2400,7584,9.597570235383447,189,0.050780794896208716,2026-08-19 06:25:06,2026-08-19 06:25:16.76746
911,Boeing,737NG 8K5/W,44a826,JAF1DY,Belgium,11277.6,227.09,2400,7584,9.276791874000029,189,0.04908355488888904,2026-08-19 06:25:06,2026-08-19 06:25:16.76746
912,Airbus,A320-251N,407534,BAW779C,United Kingdom,11597.64,213.32,2500,7900,10.287101277163156,180,0.05715056265090642,2026-08-19 06:25:06,2026-08-19 06:25:16.76746
913,Airbus,AIRBUS A320-232,40624e,BAW472M,United Kingdom,10058.4,233.9,2500,7900,9.381977103225498,180,0.05212209501791944,2026-08-19 06:25:06,2026-08-19 06:25:16.76746
914,Airbus,AIRBUS A320-232,40624f,BAW1DL,United Kingdom,10363.2,200.63,2500,7900,10.937768252227704,180,0.060765379179042796,2026-08-19 06:25:06,2026-08-19 06:25:16.76746
915,Airbus,A320-214,407573,EZY53LT,United Kingdom,8191.5,251.23,2500,7900,8.734802549235539,180,0.04852668082908633,2026-08-19 06:25:06,2026-08-19 06:25:16.76746
916,Airbus,AIRBUS A320-214,40622b,EZY83QF,United Kingdom,10668,198.53,2500,7900,11.053465191378857,180,0.061408139952104764,2026-08-19 06:25:06,2026-08-19 06:25:16.76746
917,Airbus,AIRBUS A320-214,40622d,EZY95DH,United Kingdom,3390.9,181.19,2500,7900,12.111288947758952,180,0.06728493859866085,2026-08-19 06:25:06,2026-08-19 06:25:16.76746
918,Airbus,A320-251N,407568,EZY41DU,United Kingdom,11567.16,229.91,2500,7900,9.54479772278041,180,0.05302665401544673,2026-08-19 06:25:06,2026-08-19 06:25:16.76746
919,Boeing,737 4Q8,4bd184,TWI711,Turkey,10370.82,169.97,2400,7584,12.394344099939204,189,0.06557854021131854,2026-08-19 06:25:06,2026-08-19 06:25:16.76746
920,Boeing,737 4Q8,4bd183,TWI523,Turkey,9738.36,168.83,2400,7584,12.478035104345594,189,0.06602134975844229,2026-08-19 06:25:06,2026-08-19 06:25:16.76746
921,Airbus,A320 251NSL,4073a1,EZY76FU,United Kingdom,11277.6,260.46,2500,7900,8.42526470262015,180,0.046807026125667506,2026-08-19 06:25:06,2026-08-19 06:25:16.76746
922,Airbus,A320 251NSL,4073a0,EZY96ME,United Kingdom,,0,2500,7900,,180,,2026-08-19 06:24:26,2026-08-19 06:25:16.76746
923,Airbus,A320-232,4d22ad,RYR2DF,Malta,10972.8,237.97,2500,7900,9.221517184705823,180,0.05123065102614346,2026-08-19 06:25:06,2026-08-19 06:25:16.76746
924,Airbus,A320,4d22b7,RYR74FB,Malta,10363.2,225.93,2500,7900,9.712939602728474,180,0.05396077557071374,2026-08-19 06:25:06,2026-08-19 06:25:16.76746
925,Airbus,A320-232,4d22bf,RYR44EB,Malta,701.04,79.59,2500,7900,27.571861344948417,180,0.15317700747193566,2026-08-19 06:25:06,2026-08-19 06:25:16.76746
926,Airbus,A320-200,4d22bd,RYR29UZ,Malta,5364.48,137.84,2500,7900,15.92022957374089,180,0.08844571985411606,2026-08-19 06:25:06,2026-08-19 06:25:16.76746
927,Airbus,A320 Neo,4cae8e,SAS821,Ireland,10972.8,215.68,2500,7900,10.174538410814375,180,0.056525213393413196,2026-08-19 06:25:06,2026-08-19 06:25:16.76746
928,Boeing,777-222,aac8a4,UAL884,United States,11887.2,251.63,7500,23700,26.162752189060658,350,0.07475072054017332,2026-08-19 06:25:06,2026-08-19 06:25:16.76746
929,Boeing,BOEING 737-85P,407267,EXS633,United Kingdom,11277.6,222.06,2400,7584,9.486925455582575,189,0.05019537278086019,2026-08-19 06:25:06,2026-08-19 06:25:16.76746
930,Airbus,A320 214SL,3c56ef,EWG8602,Germany,11269.98,209.47,2500,7900,10.47617532078314,180,0.05820097400435078,2026-08-19 06:25:06,2026-08-19 06:25:16.76746
931,Airbus,A320 214SL,3c56ed,EWG4Z,Germany,,0,2500,7900,,180,,2026-08-19 06:24:41,2026-08-19 06:25:16.76746
932,Airbus,A320 214SL,3c56f7,EWG2W,Germany,11277.6,193.13,2500,7900,11.362524954406071,180,0.06312513863558929,2026-08-19 06:25:06,2026-08-19 06:25:16.76746
933,Airbus,A320 214SL,3c56f6,EWG8W,Germany,11894.82,203.52,2500,7900,10.78245108315863,180,0.05990250601754794,2026-08-19 06:25:07,2026-08-19 06:25:16.76746
934,Airbus,A320 214SL,3c56f5,EWG43DA,Germany,11879.58,219.86,2500,7900,9.981099083255,180,0.055450550462527774,2026-08-19 06:25:06,2026-08-19 06:25:16.76746
935,Airbus,A320 214SL,3c56ec,EWG4UY,Germany,11285.22,247.57,2500,7900,8.863935228195842,180,0.04924408460108801,2026-08-19 06:25:06,2026-08-19 06:25:16.76746
936,Boeing,737 MAX 8,4d234e,RYR7UX,Malta,11277.6,252.08,2400,7584,8.357135300962657,189,0.044217647095040516,2026-08-19 06:25:06,2026-08-19 06:25:16.76746
937,Airbus,A320 214,3985a7,AFR62MU,France,1211.58,82.48,2500,7900,26.60577648453497,180,0.1478098693585276,2026-08-19 06:25:06,2026-08-19 06:25:16.76746
938,Airbus,A320 214,3985a9,AFR24TB,France,11887.2,216.95,2500,7900,10.114977849478887,180,0.05619432138599382,2026-08-19 06:25:06,2026-08-19 06:25:16.76746
939,Boeing,737-85R(WL),4d232c,CXI9AB,Malta,7002.78,202.26,2400,7584,10.41563663930914,189,0.05510918856777323,2026-08-19 06:25:06,2026-08-19 06:25:16.76746
940,Airbus,A320 214SL,3c56f4,EWG4JP,Germany,9144,188.33,2500,7900,11.652123636406543,180,0.06473402020225857,2026-08-19 06:25:06,2026-08-19 06:25:16.76746
941,Airbus,A320 214SL,3c56f2,EWG9K,Germany,,1.03,2500,7900,,180,,2026-08-19 06:23:52,2026-08-19 06:25:16.76746
942,Airbus,A320 214SL,3c56f1,EWG72F,Germany,10668,254.85,2500,7900,8.610729623089835,180,0.04783738679494353,2026-08-19 06:25:07,2026-08-19 06:25:16.76746
943,Boeing,737 MAX 8,4d2385,RYR7XY,Malta,10668,243.52,2400,7584,8.650897941305299,189,0.04577194677939312,2026-08-19 06:25:06,2026-08-19 06:25:16.76746
944,Boeing,Boeing 737-85R,4d229d,CXI5RU,Malta,7970.52,233.48,2400,7584,9.022899891496774,189,0.047740211066120496,2026-08-19 06:25:06,2026-08-19 06:25:16.76746
945,Boeing,BOEING 737-800,4070ec,EXS1JV,United Kingdom,11277.6,227.08,2400,7584,9.277200399271916,189,0.049085716398264104,2026-08-19 06:25:06,2026-08-19 06:25:16.76746
946,Boeing,BOEING 737-800,4070ea,EXS46FY,United Kingdom,11277.6,245.15,2400,7584,8.593378203820789,189,0.04546760954402534,2026-08-19 06:25:06,2026-08-19 06:25:16.76746
947,Boeing,BOEING 737-800,4070ef,EXS78YJ,United Kingdom,10668,267.89,2400,7584,7.863924247514527,189,0.041608064801664166,2026-08-19 06:25:06,2026-08-19 06:25:16.76746
948,Boeing,BOEING 737-8MG,4070ee,EXS531,United Kingdom,11247.12,219.98,2400,7584,9.576628178319242,189,0.05066999036147747,2026-08-19 06:25:06,2026-08-19 06:25:16.76746
949,Boeing,777-223,aaa326,AAL720,United States,11887.2,261.43,7500,23700,25.182011755855616,350,0.07194860501673032,2026-08-19 06:25:05,2026-08-19 06:25:16.76746
950,Boeing,BOEING 737 MAX 8,4cad11,RYR1661,Ireland,822.96,115.5,2400,7584,18.239538239538238,189,0.09650549333089015,2026-08-19 06:25:06,2026-08-19 06:25:16.76746
951,Boeing,BOEING 737-800,4070e9,EXS99H,United Kingdom,11277.6,249.98,2400,7584,8.427340853934982,189,0.04458910504727504,2026-08-19 06:25:06,2026-08-19 06:25:16.76746
952,Boeing,BOEING 737-800,4070e3,EXS29HB,United Kingdom,10668,262.19,2400,7584,8.034885642727284,189,0.04251262244829251,2026-08-19 06:25:06,2026-08-19 06:25:16.76746
953,Boeing,BOEING 737-800,4070e5,EXS3HE,United Kingdom,11887.2,218.51,2400,7584,9.641053803792351,189,0.05101086668673202,2026-08-19 06:25:06,2026-08-19 06:25:16.76746
954,Airbus,A319 131,4c01e2,ASL24E,Serbia,7802.88,206.66,2300,7268,9.769132337602288,140,0.0697795166971592,2026-08-19 06:25:06,2026-08-19 06:25:16.76746
955,Airbus,A319 132,4c01e0,ASL86T,Serbia,10972.8,218.79,2300,7268,9.2275190314406,140,0.06591085022457571,2026-08-19 06:25:06,2026-08-19 06:25:16.76746
956,Airbus,A319 132,4c01e5,ASL27E,Serbia,586.74,80.63,2300,7268,25.03892954097593,140,0.17884949672125663,2026-08-19 06:25:06,2026-08-19 06:25:16.76746
957,Boeing,777 FZN,3c4588,BOX570,Germany,10058.4,263.29,7500,23700,25.004114601136894,350,0.0714403274318197,2026-08-19 06:09:02,2026-08-19 06:25:16.76746
958,Boeing,Boeing 777-FZN,3c4584,BOX530,Germany,7917.18,257.1,7500,23700,25.60611953844159,350,0.07316034153840455,2026-08-19 06:25:06,2026-08-19 06:25:16.76746
959,Boeing,777-F,3c458e,BOX714,Germany,10058.4,264.49,7500,23700,24.890670094647557,350,0.07111620027042159,2026-08-19 06:25:05,2026-08-19 06:25:16.76746
960,Boeing,737-8AS (W),4d21ef,RYR2358,Malta,10972.8,250.27,2400,7584,8.417575684926945,189,0.04453743748638595,2026-08-19 06:25:06,2026-08-19 06:25:16.76746
961,Boeing,737-8AS (W),4d21ed,RYR523V,Malta,11582.4,256.07,2400,7584,8.226917119016935,189,0.04352866200538061,2026-08-19 06:25:06,2026-08-19 06:25:16.76746
962,Boeing,737-8AS (W),4d21fc,RYR69BQ,Malta,2735.58,157.77,2400,7584,13.352770911242102,189,0.0706495815409635,2026-08-19 06:21:52,2026-08-19 06:25:16.76746
963,Boeing,Boeing 737 430,4d20ff,WMT9D,Malta,11285.22,214.85,2400,7584,9.805290512760841,189,0.05187984398286159,2026-08-19 06:25:06,2026-08-19 06:25:16.76746
964,Boeing,Boeing 737-8AS (W),4d2239,RYR8NG,Malta,9753.6,224.82,2400,7584,9.370459330427305,189,0.04957914989644077,2026-08-19 06:25:06,2026-08-19 06:25:16.76746
965,Boeing,737-8AS,4d221e,RYR28CC,Malta,1653.54,115.4,2400,7584,18.255343731946848,189,0.09658912027485105,2026-08-19 06:25:06,2026-08-19 06:25:16.76746
966,Boeing,Boeing 737-8AS (W),4d2248,RYR51YC,Malta,,3.09,2400,7584,,189,,2026-08-19 06:21:07,2026-08-19 06:25:16.76746
967,Boeing,Boeing 737-8AS (W),4d2247,RYR84QF,Malta,9448.8,213.97,2400,7584,9.845616986805004,189,0.05209321157039684,2026-08-19 06:25:06,2026-08-19 06:25:16.76746
968,Boeing,Boeing 737-8AS (W),4d2243,RYR9CK,Malta,10972.8,240.45,2400,7584,8.761350246066403,189,0.04635635050828785,2026-08-19 06:25:05,2026-08-19 06:25:16.76746
969,Boeing,737-8AS (W),4d2213,RYR3AH,Malta,,0,2400,7584,,189,,2026-08-19 06:25:06,2026-08-19 06:25:16.76746
970,Boeing,737 8AS,4d2214,RYR2XN,Malta,11582.4,241.62,2400,7584,8.71892503379963,189,0.04613187848571233,2026-08-19 06:25:06,2026-08-19 06:25:16.76746
971,Boeing,737-8K2,485a34,KLM1405,Kingdom of the Netherlands,1584.96,135.51,2400,7584,15.54620815191991,189,0.08225506958687782,2026-08-19 06:25:06,2026-08-19 06:25:16.76746
972,Boeing,737-8AS (W),4d2224,RYR68ZA,Malta,7863.84,205.59,2400,7584,10.2469315952462,189,0.05421656928701694,2026-08-19 06:25:06,2026-08-19 06:25:16.76746
973,Boeing,737-8AS,4d2220,RYR9TK,Malta,,4.12,2400,7584,,189,,2026-08-19 06:25:06,2026-08-19 06:25:16.76746
974,Boeing,737-8AS,4d2221,RYR22EY,Malta,11582.4,241.85,2400,7584,8.710633312659363,189,0.046088006945287634,2026-08-19 06:25:06,2026-08-19 06:25:16.76746
975,Boeing,737-8AS,4d226b,RYR78FG,Malta,11277.6,216.65,2400,7584,9.72382490960843,189,0.05144880904554725,2026-08-19 06:25:07,2026-08-19 06:25:16.76746
976,Airbus,AIRBUS A320-214,40600e,EZY51XB,United Kingdom,10363.2,195.19,2500,7900,11.24260691861491,180,0.062458927325638396,2026-08-19 06:25:06,2026-08-19 06:25:16.76746
977,Airbus,AIRBUS A319-111,40600d,EZY83DY,United Kingdom,1912.62,132.12,2300,7268,15.280721229858377,140,0.1091480087847027,2026-08-19 06:25:06,2026-08-19 06:25:16.76746
978,Boeing,Boeing 737-8AS (W),4d225e,RYR8RB,Malta,2270.76,174.61,2400,7584,12.064982914304256,189,0.06383588843547225,2026-08-19 06:25:05,2026-08-19 06:25:16.76746
979,Airbus,AIRBUS A320-214,406014,EZY45GZ,United Kingdom,11285.22,214.92,2500,7900,10.210517608619227,180,0.056725097825662374,2026-08-19 06:25:07,2026-08-19 06:25:16.76746
980,Airbus,AIRBUS A320-214,406016,EZY29WA,United Kingdom,11277.6,231.73,2500,7900,9.469833187090341,180,0.05261018437272412,2026-08-19 06:25:06,2026-08-19 06:25:16.76746
981,Boeing,737-8AS(WL),4d2289,RYR2VV,Malta,11277.6,265.83,2400,7584,7.924864261620836,189,0.04193049873873458,2026-08-19 06:25:06,2026-08-19 06:25:16.76746
982,Boeing,Boeing 737-8AS (W),4d2286,RYR51HR,Malta,9608.82,238.95,2400,7584,8.81634930599149,189,0.046647350825351805,2026-08-19 06:25:06,2026-08-19 06:25:16.76746
983,Boeing,737-8AS(WL),4d2287,RYR59DZ,Malta,10972.8,247.38,2400,7584,8.51591343951276,189,0.04505774306620508,2026-08-19 06:25:06,2026-08-19 06:25:16.76746
984,Boeing,Boeing 737-8AS (W),4d2280,RYR8TP,Malta,8176.26,217.19,2400,7584,9.699648541215833,189,0.05132089175246472,2026-08-19 06:25:06,2026-08-19 06:25:16.76746
985,Airbus,A330-941,a4ce71,DAL272,United States,,18.52,5000,15800,,280,,2026-08-19 06:24:18,2026-08-19 06:25:16.76746
986,Boeing,Boeing 737-8AS (W),4d2257,RYR44MH,Malta,,2.31,2400,7584,,189,,2026-08-19 06:20:18,2026-08-19 06:25:16.76746
987,Boeing,Boeing 737-8AS (W),4d2258,RYR52UR,Malta,2141.22,158.52,2400,7584,13.289595424341828,189,0.07031531970551232,2026-08-19 06:25:02,2026-08-19 06:25:16.76746
988,Boeing,Boeing 737-8AS (W),4d2251,RYR8TE,Malta,11582.4,275.05,2400,7584,7.659213476337635,189,0.040524939028241454,2026-08-19 06:25:07,2026-08-19 06:25:16.76746
989,Boeing,Boeing 737-8AS,4d2250,RYR539L,Malta,5905.5,187.2,2400,7584,11.253561253561255,189,0.059542652135244734,2026-08-19 06:25:06,2026-08-19 06:25:16.76746
990,Boeing,Boeing 737-8AS,4d2268,RYR59QZ,Malta,10668,277.5,2400,7584,7.591591591591592,189,0.04016715127826239,2026-08-19 06:16:37,2026-08-19 06:25:16.76746
991,Boeing,Boeing 737-8AS (W),4d2262,RYR9PY,Malta,6172.2,202.21,2400,7584,10.418212089741687,189,0.055122815289638555,2026-08-19 06:25:06,2026-08-19 06:25:16.76746
992,Boeing,Boeing 737-8AS (W),4d2265,RYR37SU,Malta,4754.88,142.92,2400,7584,14.740180987032375,189,0.07799037559276388,2026-08-19 06:25:05,2026-08-19 06:25:16.76746
993,Boeing,737-8AS,4d2261,RYR4676,Malta,7505.7,211.81,2400,7584,9.94602080480934,189,0.05262444870269492,2026-08-19 06:25:06,2026-08-19 06:25:16.76746
994,Airbus,AIRBUS A320-214,4071d9,EZY328E,United Kingdom,2194.56,139.31,2500,7900,15.752239210713118,180,0.08751244005951732,2026-08-19 06:25:06,2026-08-19 06:25:16.76746
995,Airbus,AIRBUS A320-214,4071d7,EZY68XU,United Kingdom,4671.06,215.06,2500,7900,10.203870754414789,180,0.05668817085785994,2026-08-19 06:25:07,2026-08-19 06:25:16.76746
996,Boeing,Boeing 777 268ER,71003a,RXI401,Saudi Arabia,,5.14,7500,23700,,350,,2026-08-19 06:24:59,2026-08-19 06:25:16.76746
997,Boeing,737-8-200 MAX,4cac54,RYR2M,Ireland,11277.6,281.09,2400,7584,7.494633984370368,189,0.03965414806545168,2026-08-19 06:25:06,2026-08-19 06:25:16.76746
998,Boeing,737-8-200 MAX,4cac1e,RYR74WC,Ireland,9753.6,205.91,2400,7584,10.23100707428812,189,0.054132312562371006,2026-08-19 06:25:07,2026-08-19 06:25:16.76746
999,Boeing,737 436,4d20e5,HAT428P,Malta,10652.76,230.27,2400,7584,9.14868053444507,189,0.04840571711346598,2026-08-19 06:25:05,2026-08-19 06:25:16.76746
1000,Airbus,AIRBUS A320-232,400a0e,BAW568J,United Kingdom,792.48,113.67,2500,7900,19.305396713683862,180,0.10725220396491035,2026-08-19 06:25:06,2026-08-19 06:25:16.76746
1001,Airbus,A320 216,398495,CCM78RP,France,,5.92,2500,7900,,180,,2026-08-19 06:25:06,2026-08-19 06:25:16.76746
1002,Boeing,BOEING 737-85P,40702e,EXS56AM,United Kingdom,,0.9,2400,7584,,189,,2026-08-19 06:24:55,2026-08-19 06:25:16.76746
1003,Airbus,Airbus A320 232SL,4691c5,AEE4310,Greece,11285.22,523,2500,7900,4.19587847886127,180,0.023310435993673724,2026-08-19 05:39:45,2026-08-19 06:25:16.76746
1004,Airbus,A320 232SL,4691c4,AEE530,Greece,10972.8,199.64,2500,7900,10.992007836327613,180,0.06106671020182007,2026-08-19 06:25:06,2026-08-19 06:25:16.76746
1005,Airbus,A320 232SL,4691c3,AEE3DW,Greece,10972.8,208.87,2500,7900,10.506269183915567,180,0.05836816213286426,2026-08-19 06:25:01,2026-08-19 06:25:16.76746
1006,Airbus,A320 232SL,4691c1,AEE3MK,Greece,1074.42,127.37,2500,7900,17.228895693212248,180,0.0957160871845125,2026-08-19 06:25:05,2026-08-19 06:25:16.76746
1007,Airbus,A319-111,4caaa7,ITY2021,Ireland,9364.98,247.91,2300,7268,8.14363635548743,140,0.05816883111062451,2026-08-19 06:25:06,2026-08-19 06:25:16.76746
1008,Airbus,A319-111,4caab4,ITY2016,Ireland,5417.82,175.7,2300,7268,11.490545753493961,140,0.08207532681067116,2026-08-19 06:25:07,2026-08-19 06:25:16.76746
1009,Boeing,Boeing 777-300(ER),71010f,SVA020,Saudi Arabia,10668,253.35,7500,23700,25.985132557068617,350,0.0742432358773389,2026-08-19 06:25:07,2026-08-19 06:25:16.76746
1010,Boeing,787-9,a2f2fa,UAL182,United States,11696.7,285.74,5500,17380,16.895701609077406,290,0.0582610400313014,2026-08-19 06:25:06,2026-08-19 06:25:16.76746
1011,Airbus,A320-214,4b18b8,EDW194,Switzerland,11894.82,234.43,2500,7900,9.36076630313716,180,0.05200425723965089,2026-08-19 06:25:06,2026-08-19 06:25:16.76746
1012,Airbus,A320-214,4b18ba,EDW38TD,Switzerland,,3.86,2500,7900,,180,,2026-08-19 06:25:06,2026-08-19 06:25:16.76746
1013,Airbus,A320-214,4b18bb,EDW171,Switzerland,411.48,72.08,2500,7900,30.444567764212604,180,0.1691364875789589,2026-08-19 06:25:06,2026-08-19 06:25:16.76746
1014,Airbus,A320-214,4b18f2,SWR42B,Switzerland,9570.72,210.26,2500,7900,10.436813680416838,180,0.057982298224537994,2026-08-19 06:25:06,2026-08-19 06:25:16.76746
1015,Airbus,A320-214,4b18f4,EDW214A,Switzerland,11277.6,218.59,2500,7900,10.039088908204604,180,0.05577271615669225,2026-08-19 06:25:06,2026-08-19 06:25:16.76746
1016,Airbus,A320-214,4b18f5,EDW264,Switzerland,11887.2,214.97,2500,7900,10.20814273826322,180,0.05671190410146233,2026-08-19 06:25:07,2026-08-19 06:25:16.76746
1017,Boeing,787 9,7100b4,SVA062,Saudi Arabia,11887.2,250.17,5500,17380,19.297988478945427,290,0.06654478785843251,2026-08-19 06:25:06,2026-08-19 06:25:16.76746
1018,Airbus,A330-223,abc29a,DAL14,United States,1257.3,85.16,5000,15800,51.53697614947028,280,0.18406062910525098,2026-08-19 06:25:06,2026-08-19 06:25:16.76746
1019,Boeing,BOEING 737-8AS,4caa5c,RYR2HG,Ireland,,3.6,2400,7584,,189,,2026-08-19 06:25:06,2026-08-19 06:25:16.76746
1020,Boeing,BOEING 737-8AS,4caa5a,RYR584E,Ireland,1257.3,80.55,2400,7584,26.15352782950548,189,0.13837845412436764,2026-08-19 06:25:06,2026-08-19 06:25:16.76746
1021,Boeing,BOEING 737-8AS,4caa61,RYR4QE,Ireland,9113.52,252.87,2400,7584,8.331026482645893,189,0.04407950519918462,2026-08-19 06:25:06,2026-08-19 06:25:16.76746
1022,Airbus,A330-202,4caa6d,ITY629,Ireland,1226.82,111.76,5000,15800,39.27065934939951,280,0.14025235481928397,2026-08-19 06:25:07,2026-08-19 06:25:16.76746
1023,Boeing,737-800,407180,EXS387,United Kingdom,11277.6,222.95,2400,7584,9.449054347013531,189,0.04999499654504514,2026-08-19 06:25:06,2026-08-19 06:25:16.76746
1024,Airbus,A321-271NX,4b194a,SWR542D,Switzerland,8625.84,182.25,2700,8532,13.004115226337449,220,0.05910961466517022,2026-08-19 06:25:06,2026-08-19 06:25:16.76746
1025,Airbus,A321-271NX,4b194c,SWR2LM,Switzerland,10104.12,223.27,2700,8532,10.614950508353115,220,0.0482497750379687,2026-08-19 06:25:06,2026-08-19 06:25:16.76746
1026,Airbus,A320-214,3c66e4,OCN1EP,Germany,11277.6,261.59,2500,7900,8.38886977500839,180,0.04660483208337994,2026-08-19 06:25:06,2026-08-19 06:25:16.76746
1027,Boeing,777-300ER,a290f3,UAL42,United States,7612.38,253.35,7500,23700,25.985132557068617,350,0.0742432358773389,2026-08-19 06:25:06,2026-08-19 06:25:16.76746
1029,Boeing,787-8,aafbdf,AAL160,United States,12489.18,269.64,5500,17380,17.904531144406533,290,0.06173976256691908,2026-08-19 06:25:05,2026-08-19 06:25:16.76746
1030,Airbus,A320 232,4692d8,AEE5CD,Greece,10965.18,222.45,2500,7900,9.86488848929847,180,0.05480493605165817,2026-08-19 06:25:06,2026-08-19 06:25:16.76746
1031,Airbus,A320 232,4692d6,AEE432,Greece,11582.4,204.4,2500,7900,10.736029571646009,180,0.05964460873136672,2026-08-19 06:25:05,2026-08-19 06:25:16.76746
1032,Airbus,A320 232,4692d2,AEE107,Greece,4259.58,209.88,2500,7900,10.455710141244733,180,0.05808727856247074,2026-08-19 06:25:06,2026-08-19 06:25:16.76746
1033,Airbus,A320 232,4692d1,AEE441,Greece,685.8,87.02,2500,7900,25.217702188513496,180,0.14009834549174163,2026-08-19 06:25:06,2026-08-19 06:25:16.76746
1034,Airbus,A320 232,4692ce,AEE8NA,Greece,10363.2,228.6,2500,7900,9.59949450763099,180,0.05333052504239439,2026-08-19 06:25:06,2026-08-19 06:25:16.76746
1035,Airbus,A320 232,4692cd,AEE2KD,Greece,10972.8,218.58,2500,7900,10.039548194914651,180,0.05577526774952584,2026-08-19 06:25:07,2026-08-19 06:25:16.76746
1036,Airbus,A320 232,4692cc,AEE5CM,Greece,8237.22,188.01,2500,7900,11.671955983428777,180,0.06484419990793765,2026-08-19 06:25:06,2026-08-19 06:25:16.76746
1037,Airbus,A320-214,3c66eb,DLH53E,Germany,10668,223.42,2500,7900,9.822059101443221,180,0.0545669950080179,2026-08-19 06:25:07,2026-08-19 06:25:16.76746
1038,Airbus,A320-214,3c66ea,DLH1EE,Germany,7048.5,190.28,2500,7900,11.532712026720855,180,0.06407062237067142,2026-08-19 06:25:06,2026-08-19 06:25:16.76746
1039,Airbus,Airbus A320 214,4d201f,WMT1280,Malta,11277.6,224.93,2500,7900,9.756121657602117,180,0.05420067587556732,2026-08-19 06:25:06,2026-08-19 06:25:16.76746
1040,Airbus,A320 214,451e90,AIZ481,Bulgaria,10363.2,220.52,2500,7900,9.951226394179413,180,0.055284591078774516,2026-08-19 06:24:59,2026-08-19 06:25:16.76746
1041,Airbus,A320 214SL,3c66a2,DLH99P,Germany,10957.56,248.12,2500,7900,8.844286814623748,180,0.049134926747909716,2026-08-19 06:25:06,2026-08-19 06:25:16.76746
1042,Airbus,A320 214SL,3c66a1,DLH6LC,Germany,9753.6,195.57,2500,7900,11.220762102799224,180,0.062337567237773464,2026-08-19 06:25:06,2026-08-19 06:25:16.76746
1043,Airbus,A320 214SL,3c66a6,DLH8PJ,Germany,5135.88,199.76,2500,7900,10.985404707871668,180,0.0610300261548426,2026-08-19 06:25:07,2026-08-19 06:25:16.76746
1044,Airbus,A320 214SL,3c66ad,DLH7YC,Germany,10363.2,236.57,2500,7900,9.27608929468844,180,0.051533829414935776,2026-08-19 06:25:06,2026-08-19 06:25:16.76746
1045,Airbus,A320 214SL,3c66ab,DLH2VC,Germany,6035.04,208.26,2500,7900,10.537042372248365,180,0.058539124290268696,2026-08-19 06:25:06,2026-08-19 06:25:16.76746
1046,Airbus,A320 214SL,3c66b4,OCN6AQ,Germany,11277.6,259.36,2500,7900,8.460998012200973,180,0.047005544512227625,2026-08-19 06:25:06,2026-08-19 06:25:16.76746
1047,Airbus,A320 214SL,3c66b9,OCN14M,Germany,11285.22,238.14,2500,7900,9.21493425902597,180,0.05119407921681095,2026-08-19 06:25:06,2026-08-19 06:25:16.76746
1048,Airbus,A320 214SL,3c66b7,OCN2SH,Germany,10668,211.92,2500,7900,10.355060609873748,180,0.0575281144992986,2026-08-19 06:25:06,2026-08-19 06:25:16.76746
1049,Boeing,787-10,a11bc6,UAL422,United States,11887.2,264.23,5500,17380,18.27111901668159,290,0.06300385867821238,2026-08-19 06:25:06,2026-08-19 06:25:16.76746
1050,Boeing,787-8,aac6f5,AVA018,United States,4183.38,173.89,5500,17380,27.763400872837874,290,0.09573586507875129,2026-08-19 06:25:06,2026-08-19 06:25:16.76746
